companyName,sourceName,source,sourceType,sourceUrl,signal,mentionTitle,capturedAt
Orchard,We Work Remotely Sales,We Work Remotely Sales,job_board,https://weworkremotely.com/remote-jobs/orchard-founding-head-of-sales,Hiring signal,Orchard: Founding Head of Sales,2026-09-30T23:09:17.193Z
Storyblok,We Work Remotely Sales,We Work Remotely Sales,job_board,https://weworkremotely.com/remote-jobs/storyblok-documentation-engineer-ii,Hiring signal,Storyblok: Documentation Engineer II,2026-09-30T23:09:17.193Z
Card Conduit,We Work Remotely Sales,We Work Remotely Sales,job_board,https://weworkremotely.com/remote-jobs/card-conduit-digital-marketing-manager,Hiring signal,Card Conduit: Digital Marketing Manager,2026-09-30T23:09:17.193Z
OnTheGoSystems,We Work Remotely Sales,We Work Remotely Sales,job_board,https://weworkremotely.com/remote-jobs/onthegosystems-head-of-marketing-1,Hiring signal,OnTheGoSystems: Head of Marketing,2026-09-30T23:09:17.193Z
Prove,We Work Remotely Sales,We Work Remotely Sales,job_board,https://weworkremotely.com/remote-jobs/prove-enterprise-account-executive,Hiring signal,Prove: Enterprise Account Executive,2026-09-30T23:09:17.193Z
Postscript,We Work Remotely Sales,We Work Remotely Sales,job_board,https://weworkremotely.com/remote-jobs/postscript-sales-engineer,Hiring signal,Postscript: Sales Engineer,2026-09-30T23:09:17.193Z
Manaferra,We Work Remotely Sales,We Work Remotely Sales,job_board,https://weworkremotely.com/remote-jobs/manaferra-senior-seo-geo-specialist,Hiring signal,Manaferra: Senior SEO & GEO Specialist,2026-09-30T23:09:17.193Z
JFrog,We Work Remotely Sales,We Work Remotely Sales,job_board,https://weworkremotely.com/remote-jobs/jfrog-strategic-account-executive,Hiring signal,JFrog: Strategic Account Executive,2026-09-30T23:09:17.193Z
PagerDuty,We Work Remotely Sales,We Work Remotely Sales,job_board,https://weworkremotely.com/remote-jobs/pagerduty-enterprise-account-executive-san-francisco,Hiring signal,PagerDuty: Enterprise Account Executive (San Francisco),2026-09-30T23:09:17.193Z
Checkr,We Work Remotely Sales,We Work Remotely Sales,job_board,https://weworkremotely.com/remote-jobs/checkr-senior-account-executive-insurtech,Hiring signal,"Checkr: Senior Account Executive, InsurTech",2026-09-30T23:09:17.193Z
Doximity,We Work Remotely Sales,We Work Remotely Sales,job_board,https://weworkremotely.com/remote-jobs/doximity-business-development-representative-enterprise,Hiring signal,"Doximity: Business Development Representative, Enterprise",2026-09-30T23:09:17.193Z
Iterable,We Work Remotely Sales,We Work Remotely Sales,job_board,https://weworkremotely.com/remote-jobs/iterable-evergreen-account-executive-enterprise-strategic-east-region,Hiring signal,Iterable: [Evergreen] Account Executive (Enterprise / Strategic) - East Region,2026-09-30T23:09:17.193Z
Asana,We Work Remotely Sales,We Work Remotely Sales,job_board,https://weworkremotely.com/remote-jobs/asana-channel-account-executive-latam,Hiring signal,"Asana: Channel Account Executive, LATAM",2026-09-30T23:09:17.193Z
Kobie Marketing,We Work Remotely Sales,We Work Remotely Sales,job_board,https://weworkremotely.com/remote-jobs/kobie-marketing-remote-customer-service-representative,Hiring signal,Kobie Marketing: Remote Customer Service Representative,2026-09-30T23:09:17.193Z
Veeam Software,We Work Remotely Sales,We Work Remotely Sales,job_board,https://weworkremotely.com/remote-jobs/veeam-software-campaign-marketing-intern-summer-2027,Hiring signal,Veeam Software: Campaign Marketing Intern - Summer 2027,2026-09-30T23:09:17.193Z
Belkins,We Work Remotely Sales,We Work Remotely Sales,job_board,https://weworkremotely.com/remote-jobs/belkins-sales-development-representative-intake-pod,Hiring signal,Belkins: Sales Development Representative (Intake Pod),2026-09-30T23:09:17.193Z
INFUSE,We Work Remotely Sales,We Work Remotely Sales,job_board,https://weworkremotely.com/remote-jobs/infuse-marketing-analyst-remote-contract,Hiring signal,"INFUSE: Marketing Analyst (Remote, Contract)",2026-09-30T23:09:17.193Z
Xometry Europe,We Work Remotely Sales,We Work Remotely Sales,job_board,https://weworkremotely.com/remote-jobs/xometry-europe-copywriter-paid-social-media-ad-creative,Hiring signal,Xometry Europe: Copywriter - Paid Social Media Ad Creative,2026-09-30T23:09:17.193Z
Zscaler,We Work Remotely Sales,We Work Remotely Sales,job_board,https://weworkremotely.com/remote-jobs/zscaler-account-executive-commercial-nagoya,Hiring signal,"Zscaler: Account Executive, Commercial (Nagoya)",2026-09-30T23:09:17.193Z
Oportun,We Work Remotely Sales,We Work Remotely Sales,job_board,https://weworkremotely.com/remote-jobs/oportun-manager-lifecycle-marketing-r13983,Hiring signal,"Oportun: Manager, Lifecycle Marketing (R13983)",2026-09-30T23:09:17.193Z
BBE Marketing Inc,We Work Remotely Sales,We Work Remotely Sales,job_board,https://weworkremotely.com/remote-jobs/bbe-marketing-inc-business-development-manager-1,Hiring signal,BBE Marketing Inc: Business Development Manager,2026-09-30T23:09:17.193Z
Elemental Claims LLC,We Work Remotely Sales,We Work Remotely Sales,job_board,https://weworkremotely.com/remote-jobs/elemental-claims-llc-appointment-setter-inside-sales,Hiring signal,Elemental Claims LLC: Appointment Setter / Inside Sales,2026-09-30T23:09:17.193Z
Animalz,We Work Remotely Sales,We Work Remotely Sales,job_board,https://weworkremotely.com/remote-jobs/animalz-developmental-content-editor,Hiring signal,Animalz: (Developmental) Content Editor,2026-09-30T23:09:17.193Z
Glean,We Work Remotely Sales,We Work Remotely Sales,job_board,https://weworkremotely.com/remote-jobs/glean-enterprise-account-executive-chicago,Hiring signal,"Glean: Enterprise Account Executive, Chicago",2026-09-30T23:09:17.193Z
Twilio,We Work Remotely Sales,We Work Remotely Sales,job_board,https://weworkremotely.com/remote-jobs/twilio-account-executive-3,Hiring signal,Twilio: Account Executive 3,2026-09-30T23:09:17.193Z
C4Media Inc.,We Work Remotely Sales,We Work Remotely Sales,job_board,https://weworkremotely.com/remote-jobs/c4media-inc-demand-generation-specialist,Hiring signal,C4Media Inc.: Demand Generation Specialist,2026-09-30T23:09:17.193Z
"Gusto, Inc.",We Work Remotely Sales,We Work Remotely Sales,job_board,https://weworkremotely.com/remote-jobs/gusto-inc-partner-manager-gusto-pro,Hiring signal,"Gusto, Inc.: Partner Manager, Gusto Pro",2026-09-30T23:09:17.193Z
Rove Concepts,We Work Remotely Sales,We Work Remotely Sales,job_board,https://weworkremotely.com/remote-jobs/rove-concepts-marketing-manager-ai-and-lifecycle,Hiring signal,"Rove Concepts: Marketing Manager, AI and Lifecycle",2026-09-30T23:09:17.193Z
EBANX,We Work Remotely Sales,We Work Remotely Sales,job_board,https://weworkremotely.com/remote-jobs/ebanx-talent-pool-business-development-specialist,Hiring signal,EBANX: [Talent Pool] Business Development Specialist,2026-09-30T23:09:17.193Z
Legion,We Work Remotely Sales,We Work Remotely Sales,job_board,https://weworkremotely.com/remote-jobs/legion-enterprise-account-executive-west,Hiring signal,"Legion: Enterprise Account Executive, West",2026-09-30T23:09:17.193Z
Hex Technologies,We Work Remotely Sales,We Work Remotely Sales,job_board,https://weworkremotely.com/remote-jobs/hex-technologies-enterprise-account-executive,Hiring signal,Hex Technologies: Enterprise Account Executive,2026-09-30T23:09:17.193Z
UCM Practice Growth Systems,We Work Remotely Sales,We Work Remotely Sales,job_board,https://weworkremotely.com/remote-jobs/ucm-practice-growth-systems-new-patient-appointment-conversion-specialist-2-500-3-000-mo-potential,Hiring signal,"UCM Practice Growth Systems: New Patient Appointment Conversion Specialist ($2,500–$3,000/mo Potential)",2026-09-30T23:09:17.193Z
LOTARO,We Work Remotely Sales,We Work Remotely Sales,job_board,https://weworkremotely.com/remote-jobs/lotaro-cold-caller-vertriebsmitarbeiterin-freelance-anstellung-1,Hiring signal,LOTARO: Cold Caller / VertriebsmitarbeiterIn (Freelance/Anstellung),2026-09-30T23:09:17.193Z
ROK Financial,We Work Remotely Sales,We Work Remotely Sales,job_board,https://weworkremotely.com/remote-jobs/rok-financial-remote-sales-representative-business-financing,Hiring signal,ROK Financial: Remote Sales Representative — Business Financing,2026-09-30T23:09:17.193Z
OKX,We Work Remotely Sales,We Work Remotely Sales,job_board,https://weworkremotely.com/remote-jobs/okx-affiliate-business-development-manager-cis,Hiring signal,"OKX: Affiliate Business Development Manager, CIS",2026-09-30T23:09:17.193Z
Everpure,We Work Remotely Sales,We Work Remotely Sales,job_board,https://weworkremotely.com/remote-jobs/everpure-account-executive-commercial-alaska,Hiring signal,"Everpure: Account Executive, Commercial (Alaska)",2026-09-30T23:09:17.193Z
Celonis,We Work Remotely Sales,We Work Remotely Sales,job_board,https://weworkremotely.com/remote-jobs/celonis-account-executive-federal,Hiring signal,Celonis: Account Executive - Federal,2026-09-30T23:09:17.193Z
Dropbox,We Work Remotely Sales,We Work Remotely Sales,job_board,https://weworkremotely.com/remote-jobs/dropbox-business-development-representative-japan-remote,Hiring signal,Dropbox: Business Development Representative - Japan (Remote),2026-09-30T23:09:17.193Z
Budgets by Tammy,We Work Remotely Sales,We Work Remotely Sales,job_board,https://weworkremotely.com/remote-jobs/budgets-by-tammy-referral-partner-for-budgetsbytammy-on-tiktok-25-commission,Hiring signal,Budgets by Tammy: Referral Partner for @BudgetsByTammy on TikTok - 25% Commission,2026-09-30T23:09:17.193Z
Wrike,We Work Remotely Sales,We Work Remotely Sales,job_board,https://weworkremotely.com/remote-jobs/wrike-account-executive-3-dach,Hiring signal,Wrike: Account Executive 3 - DACH,2026-09-30T23:09:17.193Z
UTTR,We Work Remotely Sales,We Work Remotely Sales,job_board,https://weworkremotely.com/remote-jobs/uttr-project-manager,Hiring signal,UTTR: Project Manager,2026-09-30T23:09:17.193Z
xoangels,We Work Remotely Sales,We Work Remotely Sales,job_board,https://weworkremotely.com/remote-jobs/xoangels-marketing-manager-social-media-instagram-tiktok,Hiring signal,xoangels: Marketing Manager – Social Media (Instagram & TikTok),2026-09-30T23:09:17.193Z
Current,We Work Remotely Sales,We Work Remotely Sales,job_board,https://weworkremotely.com/remote-jobs/current-business-development-lead-digital-agency,Hiring signal,"Current: Business Development Lead, Digital Agency",2026-09-30T23:09:17.193Z
Veracode,We Work Remotely Sales,We Work Remotely Sales,job_board,https://weworkremotely.com/remote-jobs/veracode-principal-account-executive,Hiring signal,Veracode: Principal Account Executive,2026-09-30T23:09:17.193Z
Secret,We Work Remotely Sales,We Work Remotely Sales,job_board,https://weworkremotely.com/remote-jobs/secret-head-of-sales-and-customer-success,Hiring signal,Secret: Head of Sales and Customer Success,2026-09-30T23:09:17.193Z
Algolia,We Work Remotely Sales,We Work Remotely Sales,job_board,https://weworkremotely.com/remote-jobs/algolia-commercial-account-executive-dach,Hiring signal,"Algolia: Commercial Account Executive, DACH",2026-09-30T23:09:17.193Z
Uptalent.io,We Work Remotely Sales,We Work Remotely Sales,job_board,https://weworkremotely.com/remote-jobs/uptalent-io-paid-ads-marketing-expert-fully-remote-full-time-part-time,Hiring signal,"Uptalent.io: Paid Ads Marketing Expert (Fully Remote, Full-Time, Part-Time)",2026-09-30T23:09:17.193Z
Cuso International,We Work Remotely Sales,We Work Remotely Sales,job_board,https://weworkremotely.com/remote-jobs/cuso-international-conseiller-ere-en-communication-et-marketing-digital-volontariat-virtuel,Hiring signal,Cuso International: Conseiller(ère) en communication et marketing digital (Volontariat Virtuel),2026-09-30T23:09:17.193Z
Global University Systems,We Work Remotely Sales,We Work Remotely Sales,job_board,https://weworkremotely.com/remote-jobs/global-university-systems-marketing-coordinator-native-french-speaker,Hiring signal,Global University Systems: Marketing Coordinator (Native French Speaker),2026-09-30T23:09:17.193Z
Welltech,We Work Remotely Sales,We Work Remotely Sales,job_board,https://weworkremotely.com/remote-jobs/welltech-senior-data-engineer-redshift,Hiring signal,Welltech: Senior Data Engineer (Redshift),2026-09-30T23:09:17.193Z
Moonshots,We Work Remotely Sales,We Work Remotely Sales,job_board,https://weworkremotely.com/remote-jobs/moonshots-marketing-intern,Hiring signal,Moonshots: Marketing Intern,2026-09-30T23:09:17.193Z
Beefree,We Work Remotely Sales,We Work Remotely Sales,job_board,https://weworkremotely.com/remote-jobs/beefree-sale-manager-saas,Hiring signal,Beefree : Sale Manager (SaaS),2026-09-30T23:09:17.193Z
Bitwarden,We Work Remotely Sales,We Work Remotely Sales,job_board,https://weworkremotely.com/remote-jobs/bitwarden-channel-account-executive-emea,Hiring signal,Bitwarden: Channel Account Executive (EMEA),2026-09-30T23:09:17.193Z
ZoomInfo Technologies LLC,We Work Remotely Sales,We Work Remotely Sales,job_board,https://weworkremotely.com/remote-jobs/zoominfo-technologies-llc-head-of-data-partnership,Hiring signal,ZoomInfo Technologies LLC: Head of Data Partnership,2026-09-30T23:09:17.193Z
Icarus Digital Marketing,We Work Remotely Sales,We Work Remotely Sales,job_board,https://weworkremotely.com/remote-jobs/icarus-digital-marketing-performance-creative-strategist-and-ai-producer,Hiring signal,Icarus Digital Marketing: Performance Creative Strategist and AI Producer,2026-09-30T23:09:17.193Z
Headway,We Work Remotely Sales,We Work Remotely Sales,job_board,https://weworkremotely.com/remote-jobs/headway-senior-manager-content-community-marketing,Hiring signal,"Headway: Senior Manager, Content & Community Marketing",2026-09-30T23:09:17.193Z
TestGorilla,We Work Remotely Sales,We Work Remotely Sales,job_board,https://weworkremotely.com/remote-jobs/testgorilla-senior-demand-generation-manager,Hiring signal,TestGorilla: Senior Demand Generation Manager,2026-09-30T23:09:17.193Z
DesignFiles,We Work Remotely Sales,We Work Remotely Sales,job_board,https://weworkremotely.com/remote-jobs/designfiles-content-marketing-coordinator,Hiring signal,DesignFiles: Content Marketing Coordinator,2026-09-30T23:09:17.193Z
Your Resource Group LLC,We Work Remotely Sales,We Work Remotely Sales,job_board,https://weworkremotely.com/remote-jobs/your-resource-group-llc-remote-inside-sales-1,Hiring signal,Your Resource Group LLC: Remote Inside Sales,2026-09-30T23:09:17.193Z
Credit Wellness LLC,We Work Remotely Sales,We Work Remotely Sales,job_board,https://weworkremotely.com/remote-jobs/credit-wellness-llc-inside-sales-account-executive,Hiring signal,Credit Wellness LLC: Inside Sales - Account Executive,2026-09-30T23:09:17.193Z
Hello There Collective,We Work Remotely Sales,We Work Remotely Sales,job_board,https://weworkremotely.com/remote-jobs/hello-there-collective-affiliate-marketing-manager,Hiring signal,Hello There Collective: Affiliate Marketing Manager,2026-09-30T23:09:17.193Z
reddit,We Work Remotely Sales,We Work Remotely Sales,job_board,https://weworkremotely.com/remote-jobs/reddit-senior-product-adoption-strategist-shopping-1,Hiring signal,reddit: Senior Product Adoption Strategist (Shopping),2026-09-30T23:09:17.193Z
Forager,We Work Remotely Sales,We Work Remotely Sales,job_board,https://weworkremotely.com/remote-jobs/forager-growth-lead,Hiring signal,Forager: Growth Lead,2026-09-30T23:09:17.193Z
Hightouch,We Work Remotely Support,We Work Remotely Support,job_board,https://weworkremotely.com/remote-jobs/hightouch-deployment-architect,Hiring signal,Hightouch: Deployment Architect,2026-09-30T23:09:17.193Z
Shout About Us,We Work Remotely Support,We Work Remotely Support,job_board,https://weworkremotely.com/remote-jobs/shout-about-us-technical-account-manager-api-partnerships,Hiring signal,"Shout About Us: Technical Account Manager, API Partnerships",2026-09-30T23:09:17.193Z
ICUC Social,We Work Remotely Support,We Work Remotely Support,job_board,https://weworkremotely.com/remote-jobs/icuc-social-social-media-content-specialist-bilingual-french-english-remote-in-canada-us,Hiring signal,ICUC Social: Social Media Content Specialist - Bilingual French / English - Remote in Canada/US,2026-09-30T23:09:17.193Z
MMC Group,We Work Remotely Support,We Work Remotely Support,job_board,https://weworkremotely.com/remote-jobs/mmc-group-benefits-verification-specialist-call-center-agent-remote-must-have-your-own-computer,Hiring signal,MMC Group: Benefits Verification Specialist ( Call Center Agent- REMOTE)-Must have your own computer,2026-09-30T23:09:17.193Z
Dropbox,We Work Remotely Support,We Work Remotely Support,job_board,https://weworkremotely.com/remote-jobs/dropbox-customer-evidence-manager-1,Hiring signal,Dropbox: Customer Evidence Manager,2026-09-30T23:09:17.193Z
Algolia,We Work Remotely Support,We Work Remotely Support,job_board,https://weworkremotely.com/remote-jobs/algolia-account-manager-dutch-speaking,Hiring signal,Algolia: Account Manager - Dutch speaking,2026-09-30T23:09:17.193Z
JFrog,We Work Remotely Support,We Work Remotely Support,job_board,https://weworkremotely.com/remote-jobs/jfrog-solution-engineer-presales-public-sector-us-remote,Hiring signal,"JFrog: Solution Engineer, Presales - Public Sector (US Remote)",2026-09-30T23:09:17.193Z
Expel,We Work Remotely Support,We Work Remotely Support,job_board,https://weworkremotely.com/remote-jobs/expel-customer-success-manager-scale,Hiring signal,"Expel: Customer Success Manager, Scale",2026-09-30T23:09:17.193Z
PagerDuty,We Work Remotely Support,We Work Remotely Support,job_board,https://weworkremotely.com/remote-jobs/pagerduty-account-manager-boston,Hiring signal,PagerDuty: Account Manager - Boston,2026-09-30T23:09:17.193Z
Ping Identity,We Work Remotely Support,We Work Remotely Support,job_board,https://weworkremotely.com/remote-jobs/ping-identity-customer-success-manager-1,Hiring signal,Ping Identity: Customer Success Manager,2026-09-30T23:09:17.193Z
VXI Global Solutions,We Work Remotely Support,We Work Remotely Support,job_board,https://weworkremotely.com/remote-jobs/vxi-global-solutions-us-remote-technical-support-advisor,Hiring signal,VXI Global Solutions: US Remote Technical Support Advisor,2026-09-30T23:09:17.193Z
Neo Group,We Work Remotely Support,We Work Remotely Support,job_board,https://weworkremotely.com/remote-jobs/neo-group-crm-automation-manager,Hiring signal,Neo Group: CRM Automation Manager,2026-09-30T23:09:17.193Z
Wrike,We Work Remotely Support,We Work Remotely Support,job_board,https://weworkremotely.com/remote-jobs/wrike-account-manager-l4,Hiring signal,Wrike: Account Manager L4,2026-09-30T23:09:17.193Z
Tines,We Work Remotely Support,We Work Remotely Support,job_board,https://weworkremotely.com/remote-jobs/tines-lead-customer-success-manager-west,Hiring signal,Tines: Lead Customer Success Manager - West,2026-09-30T23:09:17.193Z
ITI Digital,We Work Remotely Support,We Work Remotely Support,job_board,https://weworkremotely.com/remote-jobs/iti-digital-saas-client-success-manager,Hiring signal,ITI Digital: SaaS Client Success Manager,2026-09-30T23:09:17.193Z
Koast.ai,We Work Remotely Support,We Work Remotely Support,job_board,https://weworkremotely.com/remote-jobs/koast-ai-head-of-technical-support-koast-ai,Hiring signal,Koast.ai: Head of Technical Support @ Koast.ai,2026-09-30T23:09:17.193Z
Keeper Security,We Work Remotely Support,We Work Remotely Support,job_board,https://weworkremotely.com/remote-jobs/keeper-security-b2b-customer-support-representative,Hiring signal,Keeper Security: B2B Customer Support Representative,2026-09-30T23:09:17.193Z
Abnormal,We Work Remotely Support,We Work Remotely Support,job_board,https://weworkremotely.com/remote-jobs/abnormal-customer-success-manager-enterprise-missouri-valley,Hiring signal,"Abnormal: Customer Success Manager, Enterprise (Missouri Valley)",2026-09-30T23:09:17.193Z
Platform.sh,We Work Remotely Support,We Work Remotely Support,job_board,https://weworkremotely.com/remote-jobs/platform-sh-customer-retention-manager,Hiring signal,Platform.sh: Customer Retention Manager,2026-09-30T23:09:17.193Z
Porkbun,We Work Remotely Support,We Work Remotely Support,job_board,https://weworkremotely.com/remote-jobs/porkbun-live-technical-support-representative-full-time-45-000-55-000-year-benefits-sat-sun-required,Hiring signal,"Porkbun: Live Technical Support Representative — Full-Time — $45,000 - $55,000/year + Benefits (Sat-Sun required) (Location: Remote, U.S.-based)",2026-09-30T23:09:17.193Z
Prove,We Work Remotely Support,We Work Remotely Support,job_board,https://weworkremotely.com/remote-jobs/prove-director-sales-compensation,Hiring signal,"Prove: Director, Sales Compensation",2026-09-30T23:09:17.193Z
Glean,We Work Remotely Support,We Work Remotely Support,job_board,https://weworkremotely.com/remote-jobs/glean-ai-success-manager-east,Hiring signal,"Glean: AI Success Manager, East",2026-09-30T23:09:17.193Z
"Gohighlevel,CRM,SALES",We Work Remotely Support,We Work Remotely Support,job_board,https://weworkremotely.com/remote-jobs/gohighlevel-crm-sales-appointment-setter-remote,Hiring signal,"Gohighlevel,CRM,SALES: Appointment Setter (Remote)",2026-09-30T23:09:17.193Z
RSA Career,We Work Remotely Support,We Work Remotely Support,job_board,https://weworkremotely.com/remote-jobs/rsa-career-senior-crm-developer-salesforce-and-hubspot,Hiring signal,"RSA Career: Senior CRM Developer, Salesforce and HubSpot",2026-09-30T23:09:17.193Z
Sparix Global.,We Work Remotely Support,We Work Remotely Support,job_board,https://weworkremotely.com/remote-jobs/sparix-global-msd-365-customer-relationship-management-crm-lead,Hiring signal,Sparix Global.: MSD 365 Customer Relationship Management (CRM) Lead,2026-09-30T23:09:17.193Z
CXM Direct,We Work Remotely Support,We Work Remotely Support,job_board,https://weworkremotely.com/remote-jobs/cxm-direct-crm-marketing-manager,Hiring signal,CXM Direct: CRM Marketing Manager,2026-09-30T23:09:17.193Z
B2spin,We Work Remotely Support,We Work Remotely Support,job_board,https://weworkremotely.com/remote-jobs/b2spin-digital-design-team-lead-retention-crm,Hiring signal,B2spin: Digital Design Team Lead — Retention/CRM,2026-09-30T23:09:17.193Z
Big Bear Vacations,We Work Remotely Support,We Work Remotely Support,job_board,https://weworkremotely.com/remote-jobs/big-bear-vacations-owner-retention-specialist,Hiring signal,Big Bear Vacations: Owner Retention Specialist,2026-09-30T23:09:17.193Z
NoGigiddy,We Work Remotely Support,We Work Remotely Support,job_board,https://weworkremotely.com/remote-jobs/nogigiddy-entry-level-account-manager-4,Hiring signal,NoGigiddy: Entry-Level Account Manager,2026-09-30T23:09:17.193Z
CRAE GROUP LTD,We Work Remotely Support,We Work Remotely Support,job_board,https://weworkremotely.com/remote-jobs/crae-group-ltd-customer-support-agent-remote,Hiring signal,CRAE GROUP LTD: Customer Support Agent (Remote),2026-09-30T23:09:17.193Z
Samsara,We Work Remotely Programming,We Work Remotely Programming,job_board,https://weworkremotely.com/remote-jobs/samsara-staff-software-engineer,Hiring signal,Samsara: Staff Software Engineer,2026-09-30T23:09:17.193Z
Sticker Mule,We Work Remotely Programming,We Work Remotely Programming,job_board,https://weworkremotely.com/remote-jobs/sticker-mule-ai-agent-engineer,Hiring signal,Sticker Mule: AI agent engineer,2026-09-30T23:09:17.193Z
AccuLynx,We Work Remotely Programming,We Work Remotely Programming,job_board,https://weworkremotely.com/remote-jobs/acculynx-senior-software-engineer,Hiring signal,AccuLynx: Senior Software Engineer,2026-09-30T23:09:17.193Z
Toptal,We Work Remotely Programming,We Work Remotely Programming,job_board,https://weworkremotely.com/remote-jobs/toptal-senior-data-engineer-aws-data-lake-pipeline-architecture,Hiring signal,Toptal: Senior Data Engineer – AWS Data Lake & Pipeline Architecture,2026-09-30T23:09:17.193Z
Proxify AB,We Work Remotely Programming,We Work Remotely Programming,job_board,https://weworkremotely.com/remote-jobs/proxify-ab-senior-backend-developer-node-js-nest-js-3,Hiring signal,Proxify AB: Senior Backend Developer (Node.js / Nest.js),2026-09-30T23:09:17.193Z
Reddit,We Work Remotely Programming,We Work Remotely Programming,job_board,https://weworkremotely.com/remote-jobs/reddit-backend-engineer-iam,Hiring signal,"Reddit: Backend Engineer, IAM",2026-09-30T23:09:17.193Z
Pinterest,We Work Remotely Programming,We Work Remotely Programming,job_board,https://weworkremotely.com/remote-jobs/pinterest-data-scientist-ii-infrastructure,Hiring signal,"Pinterest: Data Scientist II, Infrastructure",2026-09-30T23:09:17.193Z
Fin,We Work Remotely Programming,We Work Remotely Programming,job_board,https://weworkremotely.com/remote-jobs/fin-solutions-architect-spanish-speaking,Hiring signal,Fin: Solutions Architect -Spanish Speaking,2026-09-30T23:09:17.193Z
Salesloft,We Work Remotely Programming,We Work Remotely Programming,job_board,https://weworkremotely.com/remote-jobs/salesloft-commercial-account-manager,Hiring signal,Salesloft: Commercial Account Manager,2026-09-30T23:09:17.193Z
Lemon.io,We Work Remotely Programming,We Work Remotely Programming,job_board,https://weworkremotely.com/remote-jobs/lemon-io-senior-net-full-stack-developer-1,Hiring signal,Lemon.io: Senior .NET Full-stack Developer,2026-09-30T23:09:17.193Z
Wonderdog,We Work Remotely Programming,We Work Remotely Programming,job_board,https://weworkremotely.com/remote-jobs/wonderdog-full-stack-product-engineer-agentic-first,Hiring signal,Wonderdog: Full-Stack Product Engineer - Agentic First,2026-09-30T23:09:17.193Z
Legion,We Work Remotely Programming,We Work Remotely Programming,job_board,https://weworkremotely.com/remote-jobs/legion-chief-architect,Hiring signal,Legion: Chief Architect,2026-09-30T23:09:17.193Z
Track it Forward,We Work Remotely Programming,We Work Remotely Programming,job_board,https://weworkremotely.com/remote-jobs/track-it-forward-lead-developer-rebuild-modernize-scale-social-good-saas-remote,Hiring signal,"Track it Forward: Lead Developer — Rebuild, Modernize, & Scale (Social Good SaaS, Remote)",2026-09-30T23:09:17.193Z
A.Team,We Work Remotely Programming,We Work Remotely Programming,job_board,https://weworkremotely.com/remote-jobs/a-team-senior-independent-ai-engineer-architect,Hiring signal,A.Team: Senior Independent AI Engineer / Architect,2026-09-30T23:09:17.193Z
Prove,We Work Remotely Programming,We Work Remotely Programming,job_board,https://weworkremotely.com/remote-jobs/prove-director-channel-partnerships,Hiring signal,"Prove: Director, Channel & Partnerships",2026-09-30T23:09:17.193Z
Yooli,We Work Remotely Programming,We Work Remotely Programming,job_board,https://weworkremotely.com/remote-jobs/yooli-full-time-software-engineer-position-react-and-rest-1,Hiring signal,Yooli: FULL TIME: Software Engineer Position - React and Rest,2026-09-30T23:09:17.193Z
Princeton University,We Work Remotely Programming,We Work Remotely Programming,job_board,https://weworkremotely.com/remote-jobs/princeton-university-senior-peoplesoft-developer-analyst-ii,Hiring signal,Princeton University: Senior PeopleSoft Developer/Analyst II,2026-09-30T23:09:17.193Z
Meet our attendees,Web Summit Startups,Web Summit Startups,saas_conference,https://websummit.com/startups/,Public event activity,Meet our attendees appeared on Web Summit Startups,2026-09-30T23:09:19.680Z
Meet our speakers,Web Summit Startups,Web Summit Startups,saas_conference,https://websummit.com/startups/,Public event activity,Meet our speakers appeared on Web Summit Startups,2026-09-30T23:09:19.680Z
Content tracks,Web Summit Startups,Web Summit Startups,saas_conference,https://websummit.com/startups/,Public event activity,Content tracks appeared on Web Summit Startups,2026-09-30T23:09:19.680Z
Schedule,Web Summit Startups,Web Summit Startups,saas_conference,https://websummit.com/startups/,Public event activity,Schedule appeared on Web Summit Startups,2026-09-30T23:09:19.680Z
Meetups,Web Summit Startups,Web Summit Startups,saas_conference,https://websummit.com/startups/,Public event activity,Meetups appeared on Web Summit Startups,2026-09-30T23:09:19.680Z
Group offers,Web Summit Startups,Web Summit Startups,saas_conference,https://websummit.com/startups/,Public event activity,Group offers appeared on Web Summit Startups,2026-09-30T23:09:19.680Z
Partner with us,Web Summit Startups,Web Summit Startups,saas_conference,https://websummit.com/startups/,Public event activity,Partner with us appeared on Web Summit Startups,2026-09-30T23:09:19.680Z
Meet our partners,Web Summit Startups,Web Summit Startups,saas_conference,https://websummit.com/startups/,Public event activity,Meet our partners appeared on Web Summit Startups,2026-09-30T23:09:19.680Z
Apply for our startup programme,Web Summit Startups,Web Summit Startups,saas_conference,https://websummit.com/startups/,Public event activity,Apply for our startup programme appeared on Web Summit Startups,2026-09-30T23:09:19.680Z
IBM Sports Tech Startup Prize Competition,Web Summit Startups,Web Summit Startups,saas_conference,https://websummit.com/startups/,Public event activity,IBM Sports Tech Startup Prize Competition appeared on Web Summit Startups,2026-09-30T23:09:19.680Z
Featured startups,Web Summit Startups,Web Summit Startups,saas_conference,https://websummit.com/startups/,Public event activity,Featured startups appeared on Web Summit Startups,2026-09-30T23:09:19.680Z
Startup journey,Web Summit Startups,Web Summit Startups,saas_conference,https://websummit.com/startups/,Public event activity,Startup journey appeared on Web Summit Startups,2026-09-30T23:09:19.680Z
Impact startups,Web Summit Startups,Web Summit Startups,saas_conference,https://websummit.com/startups/,Public event activity,Impact startups appeared on Web Summit Startups,2026-09-30T23:09:19.680Z
Investors,Web Summit Startups,Web Summit Startups,saas_conference,https://websummit.com/startups/,Public event activity,Investors appeared on Web Summit Startups,2026-09-30T23:09:19.680Z
LP Investors,Web Summit Startups,Web Summit Startups,saas_conference,https://websummit.com/startups/,Public event activity,LP Investors appeared on Web Summit Startups,2026-09-30T23:09:19.680Z
Venture,Web Summit Startups,Web Summit Startups,saas_conference,https://websummit.com/startups/,Public event activity,Venture appeared on Web Summit Startups,2026-09-30T23:09:19.680Z
Media? Join us at Web Summit,Web Summit Startups,Web Summit Startups,saas_conference,https://websummit.com/startups/,Public event activity,Media? Join us at Web Summit appeared on Web Summit Startups,2026-09-30T23:09:19.680Z
Meet our media partners,Web Summit Startups,Web Summit Startups,saas_conference,https://websummit.com/startups/,Public event activity,Meet our media partners appeared on Web Summit Startups,2026-09-30T23:09:19.680Z
Web Summit reviews,Web Summit Startups,Web Summit Startups,saas_conference,https://websummit.com/startups/,Public event activity,Web Summit reviews appeared on Web Summit Startups,2026-09-30T23:09:19.680Z
Night Summit,Web Summit Startups,Web Summit Startups,saas_conference,https://websummit.com/startups/,Public event activity,Night Summit appeared on Web Summit Startups,2026-09-30T23:09:19.680Z
VIP experience,Web Summit Startups,Web Summit Startups,saas_conference,https://websummit.com/startups/,Public event activity,VIP experience appeared on Web Summit Startups,2026-09-30T23:09:19.680Z
Attendee experience,Web Summit Startups,Web Summit Startups,saas_conference,https://websummit.com/startups/,Public event activity,Attendee experience appeared on Web Summit Startups,2026-09-30T23:09:19.680Z
Women in Tech,Web Summit Startups,Web Summit Startups,saas_conference,https://websummit.com/startups/,Public event activity,Women in Tech appeared on Web Summit Startups,2026-09-30T23:09:19.680Z
Developer programme,Web Summit Startups,Web Summit Startups,saas_conference,https://websummit.com/startups/,Public event activity,Developer programme appeared on Web Summit Startups,2026-09-30T23:09:19.680Z
Convince your boss,Web Summit Startups,Web Summit Startups,saas_conference,https://websummit.com/startups/,Public event activity,Convince your boss appeared on Web Summit Startups,2026-09-30T23:09:19.680Z
Hotels,Web Summit Startups,Web Summit Startups,saas_conference,https://websummit.com/startups/,Public event activity,Hotels appeared on Web Summit Startups,2026-09-30T23:09:19.680Z
Volunteers,Web Summit Startups,Web Summit Startups,saas_conference,https://websummit.com/startups/,Public event activity,Volunteers appeared on Web Summit Startups,2026-09-30T23:09:19.680Z
Ambassadors programme,Web Summit Startups,Web Summit Startups,saas_conference,https://websummit.com/startups/,Public event activity,Ambassadors programme appeared on Web Summit Startups,2026-09-30T23:09:19.680Z
Apply to speak,Web Summit Startups,Web Summit Startups,saas_conference,https://websummit.com/startups/,Public event activity,Apply to speak appeared on Web Summit Startups,2026-09-30T23:09:19.680Z
Blog,Web Summit Startups,Web Summit Startups,saas_conference,https://websummit.com/startups/,Public event activity,Blog appeared on Web Summit Startups,2026-09-30T23:09:19.680Z
Icon / MyTicket Book tickets,Web Summit Startups,Web Summit Startups,saas_conference,https://websummit.com/startups/,Public event activity,Icon / MyTicket Book tickets appeared on Web Summit Startups,2026-09-30T23:09:19.680Z
Icon / Chevron / Up Copy Exhibit,Web Summit Startups,Web Summit Startups,saas_conference,https://websummit.com/startups/,Public event activity,Icon / Chevron / Up Copy Exhibit appeared on Web Summit Startups,2026-09-30T23:09:19.680Z
Startups and investors,Web Summit Startups,Web Summit Startups,saas_conference,https://websummit.com/startups/,Public event activity,Startups and investors appeared on Web Summit Startups,2026-09-30T23:09:19.680Z
See more,Web Summit Startups,Web Summit Startups,saas_conference,https://websummit.com/startups/,Public event activity,See more appeared on Web Summit Startups,2026-09-30T23:09:19.680Z
Apply now,Web Summit Startups,Web Summit Startups,saas_conference,https://websummit.com/startups/,Public event activity,Apply now appeared on Web Summit Startups,2026-09-30T23:09:19.680Z
Learn more,Web Summit Startups,Web Summit Startups,saas_conference,https://websummit.com/startups/,Public event activity,Learn more appeared on Web Summit Startups,2026-09-30T23:09:19.680Z
Meet our startups,Web Summit Startups,Web Summit Startups,saas_conference,https://websummit.com/startups/,Public event activity,Meet our startups appeared on Web Summit Startups,2026-09-30T23:09:19.680Z
About Us,Web Summit Startups,Web Summit Startups,saas_conference,https://websummit.com/startups/,Public event activity,About Us appeared on Web Summit Startups,2026-09-30T23:09:19.680Z
Careers,Web Summit Startups,Web Summit Startups,saas_conference,https://websummit.com/startups/,Public event activity,Careers appeared on Web Summit Startups,2026-09-30T23:09:19.680Z
Impact,Web Summit Startups,Web Summit Startups,saas_conference,https://websummit.com/startups/,Public event activity,Impact appeared on Web Summit Startups,2026-09-30T23:09:19.680Z
Subscribe to our newsletter,Web Summit Startups,Web Summit Startups,saas_conference,https://websummit.com/startups/,Public event activity,Subscribe to our newsletter appeared on Web Summit Startups,2026-09-30T23:09:19.680Z
Web Summit Lisbon,Web Summit Startups,Web Summit Startups,saas_conference,https://websummit.com/startups/,Public event activity,Web Summit Lisbon appeared on Web Summit Startups,2026-09-30T23:09:19.680Z
Web Summit Rio,Web Summit Startups,Web Summit Startups,saas_conference,https://websummit.com/startups/,Public event activity,Web Summit Rio appeared on Web Summit Startups,2026-09-30T23:09:19.680Z
Web Summit Qatar,Web Summit Startups,Web Summit Startups,saas_conference,https://websummit.com/startups/,Public event activity,Web Summit Qatar appeared on Web Summit Startups,2026-09-30T23:09:19.680Z
Web Summit Vancouver,Web Summit Startups,Web Summit Startups,saas_conference,https://websummit.com/startups/,Public event activity,Web Summit Vancouver appeared on Web Summit Startups,2026-09-30T23:09:19.680Z
RISE - Asia,Web Summit Startups,Web Summit Startups,saas_conference,https://websummit.com/startups/,Public event activity,RISE - Asia appeared on Web Summit Startups,2026-09-30T23:09:19.680Z
Support centre,Web Summit Startups,Web Summit Startups,saas_conference,https://websummit.com/startups/,Public event activity,Support centre appeared on Web Summit Startups,2026-09-30T23:09:19.680Z
Log in,Web Summit Startups,Web Summit Startups,saas_conference,https://websummit.com/startups/,Public event activity,Log in appeared on Web Summit Startups,2026-09-30T23:09:19.680Z
Media,Web Summit Startups,Web Summit Startups,saas_conference,https://websummit.com/startups/,Public event activity,Media appeared on Web Summit Startups,2026-09-30T23:09:19.680Z
Summaries,Web Summit Startups,Web Summit Startups,saas_conference,https://websummit.com/startups/,Public event activity,Summaries appeared on Web Summit Startups,2026-09-30T23:09:19.680Z
Anti-harassment policy,Web Summit Startups,Web Summit Startups,saas_conference,https://websummit.com/startups/,Public event activity,Anti-harassment policy appeared on Web Summit Startups,2026-09-30T23:09:19.680Z
Accessibility at Web Summit,Web Summit Startups,Web Summit Startups,saas_conference,https://websummit.com/startups/,Public event activity,Accessibility at Web Summit appeared on Web Summit Startups,2026-09-30T23:09:19.680Z
Volunteer at Web Summit,Web Summit Startups,Web Summit Startups,saas_conference,https://websummit.com/startups/,Public event activity,Volunteer at Web Summit appeared on Web Summit Startups,2026-09-30T23:09:19.680Z
Termos e Condições,Web Summit Startups,Web Summit Startups,saas_conference,https://websummit.com/startups/,Public event activity,Termos e Condições appeared on Web Summit Startups,2026-09-30T23:09:19.680Z
Política de Privacidade,Web Summit Startups,Web Summit Startups,saas_conference,https://websummit.com/startups/,Public event activity,Política de Privacidade appeared on Web Summit Startups,2026-09-30T23:09:19.680Z
Manage Cookies,Web Summit Startups,Web Summit Startups,saas_conference,https://websummit.com/startups/,Public event activity,Manage Cookies appeared on Web Summit Startups,2026-09-30T23:09:19.680Z
Neil Shen,Web Summit Startups,Web Summit Startups,saas_conference,https://websummit.com/startups/,Public event activity,Neil Shen appeared on Web Summit Startups,2026-09-30T23:09:19.680Z
Satish Dharmaraj,Web Summit Startups,Web Summit Startups,saas_conference,https://websummit.com/startups/,Public event activity,Satish Dharmaraj appeared on Web Summit Startups,2026-09-30T23:09:19.680Z
Fred Wilson,Web Summit Startups,Web Summit Startups,saas_conference,https://websummit.com/startups/,Public event activity,Fred Wilson appeared on Web Summit Startups,2026-09-30T23:09:19.680Z
Reid Hoffman,Web Summit Startups,Web Summit Startups,saas_conference,https://websummit.com/startups/,Public event activity,Reid Hoffman appeared on Web Summit Startups,2026-09-30T23:09:19.680Z
Vinod Khosla,Web Summit Startups,Web Summit Startups,saas_conference,https://websummit.com/startups/,Public event activity,Vinod Khosla appeared on Web Summit Startups,2026-09-30T23:09:19.680Z
Hemant Taneja,Web Summit Startups,Web Summit Startups,saas_conference,https://websummit.com/startups/,Public event activity,Hemant Taneja appeared on Web Summit Startups,2026-09-30T23:09:19.680Z
Peter Thiel,Web Summit Startups,Web Summit Startups,saas_conference,https://websummit.com/startups/,Public event activity,Peter Thiel appeared on Web Summit Startups,2026-09-30T23:09:19.680Z
Doug Leone,Web Summit Startups,Web Summit Startups,saas_conference,https://websummit.com/startups/,Public event activity,Doug Leone appeared on Web Summit Startups,2026-09-30T23:09:19.680Z
Reshma Sohoni,Web Summit Startups,Web Summit Startups,saas_conference,https://websummit.com/startups/,Public event activity,Reshma Sohoni appeared on Web Summit Startups,2026-09-30T23:09:19.680Z
Jenny Lee,Web Summit Startups,Web Summit Startups,saas_conference,https://websummit.com/startups/,Public event activity,Jenny Lee appeared on Web Summit Startups,2026-09-30T23:09:19.680Z
Stephen Schwarzman,Web Summit Startups,Web Summit Startups,saas_conference,https://websummit.com/startups/,Public event activity,Stephen Schwarzman appeared on Web Summit Startups,2026-09-30T23:09:19.680Z
Chris Sacca,Web Summit Startups,Web Summit Startups,saas_conference,https://websummit.com/startups/,Public event activity,Chris Sacca appeared on Web Summit Startups,2026-09-30T23:09:19.680Z
Albert Wenger,Web Summit Startups,Web Summit Startups,saas_conference,https://websummit.com/startups/,Public event activity,Albert Wenger appeared on Web Summit Startups,2026-09-30T23:09:19.680Z
Harry Man,Web Summit Startups,Web Summit Startups,saas_conference,https://websummit.com/startups/,Public event activity,Harry Man appeared on Web Summit Startups,2026-09-30T23:09:19.680Z
Anna Fang,Web Summit Startups,Web Summit Startups,saas_conference,https://websummit.com/startups/,Public event activity,Anna Fang appeared on Web Summit Startups,2026-09-30T23:09:19.680Z
Web Summit x Crunchbase report 2025: AI takes top spot as startups raise $715.5M after Web Summit,Web Summit Startups,Web Summit Startups,saas_conference,https://websummit.com/startups/,Public event activity,Web Summit x Crunchbase report 2025: AI takes top spot as startups raise $715.5M after Web Summit appeared on Web Summit Startups,2026-09-30T23:09:19.680Z
yuno logo,Web Summit Startups,Web Summit Startups,saas_conference,https://websummit.com/startups/,Public event activity,yuno logo appeared on Web Summit Startups,2026-09-30T23:09:19.680Z
bbc logo,Web Summit Startups,Web Summit Startups,saas_conference,https://websummit.com/startups/,Public event activity,bbc logo appeared on Web Summit Startups,2026-09-30T23:09:19.680Z
wired logo,Web Summit Startups,Web Summit Startups,saas_conference,https://websummit.com/startups/,Public event activity,wired logo appeared on Web Summit Startups,2026-09-30T23:09:19.680Z
Algolia logo,Web Summit Startups,Web Summit Startups,saas_conference,https://websummit.com/startups/,Public event activity,Algolia logo appeared on Web Summit Startups,2026-09-30T23:09:19.680Z
Trello logo,Web Summit Startups,Web Summit Startups,saas_conference,https://websummit.com/startups/,Public event activity,Trello logo appeared on Web Summit Startups,2026-09-30T23:09:19.680Z
codacy logo,Web Summit Startups,Web Summit Startups,saas_conference,https://websummit.com/startups/,Public event activity,codacy logo appeared on Web Summit Startups,2026-09-30T23:09:19.680Z
German Federal Ministry for Economic Affairs and Climate Action at Web Summit 2023,Web Summit Startups,Web Summit Startups,saas_conference,https://websummit.com/startups/,Public event activity,German Federal Ministry for Economic Affairs and Climate Action at Web Summit 2023 appeared on Web Summit Startups,2026-09-30T23:09:19.680Z
Startups interacting at the Alpha Startup area of Web Summit 2023,Web Summit Startups,Web Summit Startups,saas_conference,https://websummit.com/startups/,Public event activity,Startups interacting at the Alpha Startup area of Web Summit 2023 appeared on Web Summit Startups,2026-09-30T23:09:19.680Z
"Pitch winner, Henrique Ferreira, CXO, Cofounder, Inspira, on Centre Stage during day three of Web Summit 2023",Web Summit Startups,Web Summit Startups,saas_conference,https://websummit.com/startups/,Public event activity,"Pitch winner, Henrique Ferreira, CXO, Cofounder, Inspira, on Centre Stage during day three of Web Summit 2023 appeared on Web Summit Startups",2026-09-30T23:09:19.680Z
A crowd walking into Masterclass area 2 during Web Summit 2023,Web Summit Startups,Web Summit Startups,saas_conference,https://websummit.com/startups/,Public event activity,A crowd walking into Masterclass area 2 during Web Summit 2023 appeared on Web Summit Startups,2026-09-30T23:09:19.680Z
"Gbenga Sesan of Paradigm sitting at a table with other attendees, participating in Mentor Hours",Web Summit Startups,Web Summit Startups,saas_conference,https://websummit.com/startups/,Public event activity,"Gbenga Sesan of Paradigm sitting at a table with other attendees, participating in Mentor Hours appeared on Web Summit Startups",2026-09-30T23:09:19.680Z
Investor to Startup meetings area at Web Summit,Web Summit Startups,Web Summit Startups,saas_conference,https://websummit.com/startups/,Public event activity,Investor to Startup meetings area at Web Summit appeared on Web Summit Startups,2026-09-30T23:09:19.680Z
Linkedin,Web Summit Startups,Web Summit Startups,saas_conference,https://websummit.com/startups/,Public event activity,Linkedin appeared on Web Summit Startups,2026-09-30T23:09:19.680Z
Facebook,Web Summit Startups,Web Summit Startups,saas_conference,https://websummit.com/startups/,Public event activity,Facebook appeared on Web Summit Startups,2026-09-30T23:09:19.680Z
Instagram,Web Summit Startups,Web Summit Startups,saas_conference,https://websummit.com/startups/,Public event activity,Instagram appeared on Web Summit Startups,2026-09-30T23:09:19.680Z
Main Navigation,Web Summit Startups,Web Summit Startups,saas_conference,https://websummit.com/startups/,Public event activity,Main Navigation appeared on Web Summit Startups,2026-09-30T23:09:19.680Z
Business email address,Web Summit Startups,Web Summit Startups,saas_conference,https://websummit.com/startups/,Public event activity,Business email address appeared on Web Summit Startups,2026-09-30T23:09:19.680Z
"Web Summit, Lisbon",Web Summit Startups,Web Summit Startups,saas_conference,https://websummit.com/startups/,Public event activity,"Web Summit, Lisbon appeared on Web Summit Startups",2026-09-30T23:09:19.680Z
"MEO Arena, Lisbon",Web Summit Startups,Web Summit Startups,saas_conference,https://websummit.com/startups/,Public event activity,"MEO Arena, Lisbon appeared on Web Summit Startups",2026-09-30T23:09:19.680Z
"Altice Arena, Rossio dos Olivais, 1990-231 Lisboa, Portugal",Web Summit Startups,Web Summit Startups,saas_conference,https://websummit.com/startups/,Public event activity,"Altice Arena, Rossio dos Olivais, 1990-231 Lisboa, Portugal appeared on Web Summit Startups",2026-09-30T23:09:19.680Z
Web Summit,Web Summit Startups,Web Summit Startups,saas_conference,https://websummit.com/startups/,Public event activity,Web Summit appeared on Web Summit Startups,2026-09-30T23:09:19.680Z
Startups,Web Summit Startups,Web Summit Startups,saas_conference,https://websummit.com/startups/,Public event activity,Startups appeared on Web Summit Startups,2026-09-30T23:09:19.680Z
business_email_address,Web Summit Startups,Web Summit Startups,saas_conference,https://websummit.com/startups/,Public event activity,business_email_address appeared on Web Summit Startups,2026-09-30T23:09:19.680Z
referrer,Web Summit Startups,Web Summit Startups,saas_conference,https://websummit.com/startups/,Public event activity,referrer appeared on Web Summit Startups,2026-09-30T23:09:19.680Z
utm_value,Web Summit Startups,Web Summit Startups,saas_conference,https://websummit.com/startups/,Public event activity,utm_value appeared on Web Summit Startups,2026-09-30T23:09:19.680Z
external_parter,Web Summit Startups,Web Summit Startups,saas_conference,https://websummit.com/startups/,Public event activity,external_parter appeared on Web Summit Startups,2026-09-30T23:09:19.680Z
first_name,Web Summit Startups,Web Summit Startups,saas_conference,https://websummit.com/startups/,Public event activity,first_name appeared on Web Summit Startups,2026-09-30T23:09:19.680Z
last_name,Web Summit Startups,Web Summit Startups,saas_conference,https://websummit.com/startups/,Public event activity,last_name appeared on Web Summit Startups,2026-09-30T23:09:19.680Z
country,Web Summit Startups,Web Summit Startups,saas_conference,https://websummit.com/startups/,Public event activity,country appeared on Web Summit Startups,2026-09-30T23:09:19.680Z
phone_number,Web Summit Startups,Web Summit Startups,saas_conference,https://websummit.com/startups/,Public event activity,phone_number appeared on Web Summit Startups,2026-09-30T23:09:19.680Z
company_name,Web Summit Startups,Web Summit Startups,saas_conference,https://websummit.com/startups/,Public event activity,company_name appeared on Web Summit Startups,2026-09-30T23:09:19.680Z
company_website_,Web Summit Startups,Web Summit Startups,saas_conference,https://websummit.com/startups/,Public event activity,company_website_ appeared on Web Summit Startups,2026-09-30T23:09:19.680Z
describe_your_software_or_hardware_product_in_no_more_than_seven_words,Web Summit Startups,Web Summit Startups,saas_conference,https://websummit.com/startups/,Public event activity,describe_your_software_or_hardware_product_in_no_more_than_seven_words appeared on Web Summit Startups,2026-09-30T23:09:19.680Z
what_is_your_startups_industry,Web Summit Startups,Web Summit Startups,saas_conference,https://websummit.com/startups/,Public event activity,what_is_your_startups_industry appeared on Web Summit Startups,2026-09-30T23:09:19.680Z
how_many_people_are_on_your_team,Web Summit Startups,Web Summit Startups,saas_conference,https://websummit.com/startups/,Public event activity,how_many_people_are_on_your_team appeared on Web Summit Startups,2026-09-30T23:09:19.680Z
has_your_startup_raised_funding,Web Summit Startups,Web Summit Startups,saas_conference,https://websummit.com/startups/,Public event activity,has_your_startup_raised_funding appeared on Web Summit Startups,2026-09-30T23:09:19.680Z
by_opting_in_you_agree_to_receive_marketing_communications_from_web_summit_including_promotions_news_and_invites,Web Summit Startups,Web Summit Startups,saas_conference,https://websummit.com/startups/,Public event activity,by_opting_in_you_agree_to_receive_marketing_communications_from_web_summit_including_promotions_news_and_invites appeared on Web Summit Startups,2026-09-30T23:09:19.680Z
campaign_source,Web Summit Startups,Web Summit Startups,saas_conference,https://websummit.com/startups/,Public event activity,campaign_source appeared on Web Summit Startups,2026-09-30T23:09:19.680Z
campaign_medium,Web Summit Startups,Web Summit Startups,saas_conference,https://websummit.com/startups/,Public event activity,campaign_medium appeared on Web Summit Startups,2026-09-30T23:09:19.680Z
campaign_content,Web Summit Startups,Web Summit Startups,saas_conference,https://websummit.com/startups/,Public event activity,campaign_content appeared on Web Summit Startups,2026-09-30T23:09:19.680Z
campaign_name,Web Summit Startups,Web Summit Startups,saas_conference,https://websummit.com/startups/,Public event activity,campaign_name appeared on Web Summit Startups,2026-09-30T23:09:19.680Z
campaign_term,Web Summit Startups,Web Summit Startups,saas_conference,https://websummit.com/startups/,Public event activity,campaign_term appeared on Web Summit Startups,2026-09-30T23:09:19.680Z
uuid,Web Summit Startups,Web Summit Startups,saas_conference,https://websummit.com/startups/,Public event activity,uuid appeared on Web Summit Startups,2026-09-30T23:09:19.680Z
slug,Web Summit Startups,Web Summit Startups,saas_conference,https://websummit.com/startups/,Public event activity,slug appeared on Web Summit Startups,2026-09-30T23:09:19.680Z
action,Web Summit Startups,Web Summit Startups,saas_conference,https://websummit.com/startups/,Public event activity,action appeared on Web Summit Startups,2026-09-30T23:09:19.680Z
gclid_google_click_identifier,Web Summit Startups,Web Summit Startups,saas_conference,https://websummit.com/startups/,Public event activity,gclid_google_click_identifier appeared on Web Summit Startups,2026-09-30T23:09:19.680Z
gaclientid,Web Summit Startups,Web Summit Startups,saas_conference,https://websummit.com/startups/,Public event activity,gaclientid appeared on Web Summit Startups,2026-09-30T23:09:19.680Z
gauserid,Web Summit Startups,Web Summit Startups,saas_conference,https://websummit.com/startups/,Public event activity,gauserid appeared on Web Summit Startups,2026-09-30T23:09:19.680Z
gatrackid,Web Summit Startups,Web Summit Startups,saas_conference,https://websummit.com/startups/,Public event activity,gatrackid appeared on Web Summit Startups,2026-09-30T23:09:19.680Z
fbclid,Web Summit Startups,Web Summit Startups,saas_conference,https://websummit.com/startups/,Public event activity,fbclid appeared on Web Summit Startups,2026-09-30T23:09:19.680Z
li_fat_id,Web Summit Startups,Web Summit Startups,saas_conference,https://websummit.com/startups/,Public event activity,li_fat_id appeared on Web Summit Startups,2026-09-30T23:09:19.680Z
ttclid,Web Summit Startups,Web Summit Startups,saas_conference,https://websummit.com/startups/,Public event activity,ttclid appeared on Web Summit Startups,2026-09-30T23:09:19.680Z
Albania,Web Summit Startups,Web Summit Startups,saas_conference,https://websummit.com/startups/,Public event activity,Albania appeared on Web Summit Startups,2026-09-30T23:09:19.680Z
Algeria,Web Summit Startups,Web Summit Startups,saas_conference,https://websummit.com/startups/,Public event activity,Algeria appeared on Web Summit Startups,2026-09-30T23:09:19.680Z
Angola,Web Summit Startups,Web Summit Startups,saas_conference,https://websummit.com/startups/,Public event activity,Angola appeared on Web Summit Startups,2026-09-30T23:09:19.680Z
Argentina,Web Summit Startups,Web Summit Startups,saas_conference,https://websummit.com/startups/,Public event activity,Argentina appeared on Web Summit Startups,2026-09-30T23:09:19.680Z
Armenia,Web Summit Startups,Web Summit Startups,saas_conference,https://websummit.com/startups/,Public event activity,Armenia appeared on Web Summit Startups,2026-09-30T23:09:19.680Z
Australia,Web Summit Startups,Web Summit Startups,saas_conference,https://websummit.com/startups/,Public event activity,Australia appeared on Web Summit Startups,2026-09-30T23:09:19.680Z
Austria,Web Summit Startups,Web Summit Startups,saas_conference,https://websummit.com/startups/,Public event activity,Austria appeared on Web Summit Startups,2026-09-30T23:09:19.680Z
Azerbaijan,Web Summit Startups,Web Summit Startups,saas_conference,https://websummit.com/startups/,Public event activity,Azerbaijan appeared on Web Summit Startups,2026-09-30T23:09:19.680Z
Bahrain,Web Summit Startups,Web Summit Startups,saas_conference,https://websummit.com/startups/,Public event activity,Bahrain appeared on Web Summit Startups,2026-09-30T23:09:19.680Z
Bangladesh,Web Summit Startups,Web Summit Startups,saas_conference,https://websummit.com/startups/,Public event activity,Bangladesh appeared on Web Summit Startups,2026-09-30T23:09:19.680Z
Belgium,Web Summit Startups,Web Summit Startups,saas_conference,https://websummit.com/startups/,Public event activity,Belgium appeared on Web Summit Startups,2026-09-30T23:09:19.680Z
Bolivia,Web Summit Startups,Web Summit Startups,saas_conference,https://websummit.com/startups/,Public event activity,Bolivia appeared on Web Summit Startups,2026-09-30T23:09:19.680Z
Bosnia and Herzegovina,Web Summit Startups,Web Summit Startups,saas_conference,https://websummit.com/startups/,Public event activity,Bosnia and Herzegovina appeared on Web Summit Startups,2026-09-30T23:09:19.680Z
Brasil,Web Summit Startups,Web Summit Startups,saas_conference,https://websummit.com/startups/,Public event activity,Brasil appeared on Web Summit Startups,2026-09-30T23:09:19.680Z
Brazil,Web Summit Startups,Web Summit Startups,saas_conference,https://websummit.com/startups/,Public event activity,Brazil appeared on Web Summit Startups,2026-09-30T23:09:19.680Z
Bulgaria,Web Summit Startups,Web Summit Startups,saas_conference,https://websummit.com/startups/,Public event activity,Bulgaria appeared on Web Summit Startups,2026-09-30T23:09:19.680Z
Canada,Web Summit Startups,Web Summit Startups,saas_conference,https://websummit.com/startups/,Public event activity,Canada appeared on Web Summit Startups,2026-09-30T23:09:19.680Z
Chile,Web Summit Startups,Web Summit Startups,saas_conference,https://websummit.com/startups/,Public event activity,Chile appeared on Web Summit Startups,2026-09-30T23:09:19.680Z
Colombia,Web Summit Startups,Web Summit Startups,saas_conference,https://websummit.com/startups/,Public event activity,Colombia appeared on Web Summit Startups,2026-09-30T23:09:19.680Z
Congo (Democratic Republic of the),Web Summit Startups,Web Summit Startups,saas_conference,https://websummit.com/startups/,Public event activity,Congo (Democratic Republic of the) appeared on Web Summit Startups,2026-09-30T23:09:19.680Z
Croatia,Web Summit Startups,Web Summit Startups,saas_conference,https://websummit.com/startups/,Public event activity,Croatia appeared on Web Summit Startups,2026-09-30T23:09:19.680Z
Cyprus,Web Summit Startups,Web Summit Startups,saas_conference,https://websummit.com/startups/,Public event activity,Cyprus appeared on Web Summit Startups,2026-09-30T23:09:19.680Z
Czechia,Web Summit Startups,Web Summit Startups,saas_conference,https://websummit.com/startups/,Public event activity,Czechia appeared on Web Summit Startups,2026-09-30T23:09:19.680Z
Côte d'Ivoire,Web Summit Startups,Web Summit Startups,saas_conference,https://websummit.com/startups/,Public event activity,Côte d'Ivoire appeared on Web Summit Startups,2026-09-30T23:09:19.680Z
Denmark,Web Summit Startups,Web Summit Startups,saas_conference,https://websummit.com/startups/,Public event activity,Denmark appeared on Web Summit Startups,2026-09-30T23:09:19.680Z
Egypt,Web Summit Startups,Web Summit Startups,saas_conference,https://websummit.com/startups/,Public event activity,Egypt appeared on Web Summit Startups,2026-09-30T23:09:19.680Z
Estonia,Web Summit Startups,Web Summit Startups,saas_conference,https://websummit.com/startups/,Public event activity,Estonia appeared on Web Summit Startups,2026-09-30T23:09:19.680Z
Ethiopia,Web Summit Startups,Web Summit Startups,saas_conference,https://websummit.com/startups/,Public event activity,Ethiopia appeared on Web Summit Startups,2026-09-30T23:09:19.680Z
Finland,Web Summit Startups,Web Summit Startups,saas_conference,https://websummit.com/startups/,Public event activity,Finland appeared on Web Summit Startups,2026-09-30T23:09:19.680Z
France,Web Summit Startups,Web Summit Startups,saas_conference,https://websummit.com/startups/,Public event activity,France appeared on Web Summit Startups,2026-09-30T23:09:19.680Z
Georgia,Web Summit Startups,Web Summit Startups,saas_conference,https://websummit.com/startups/,Public event activity,Georgia appeared on Web Summit Startups,2026-09-30T23:09:19.680Z
Germany,Web Summit Startups,Web Summit Startups,saas_conference,https://websummit.com/startups/,Public event activity,Germany appeared on Web Summit Startups,2026-09-30T23:09:19.680Z
Greece,Web Summit Startups,Web Summit Startups,saas_conference,https://websummit.com/startups/,Public event activity,Greece appeared on Web Summit Startups,2026-09-30T23:09:19.680Z
Hong Kong,Web Summit Startups,Web Summit Startups,saas_conference,https://websummit.com/startups/,Public event activity,Hong Kong appeared on Web Summit Startups,2026-09-30T23:09:19.680Z
Hungary,Web Summit Startups,Web Summit Startups,saas_conference,https://websummit.com/startups/,Public event activity,Hungary appeared on Web Summit Startups,2026-09-30T23:09:19.680Z
Iceland,Web Summit Startups,Web Summit Startups,saas_conference,https://websummit.com/startups/,Public event activity,Iceland appeared on Web Summit Startups,2026-09-30T23:09:19.680Z
India,Web Summit Startups,Web Summit Startups,saas_conference,https://websummit.com/startups/,Public event activity,India appeared on Web Summit Startups,2026-09-30T23:09:19.680Z
Iran (Islamic Republic of),Web Summit Startups,Web Summit Startups,saas_conference,https://websummit.com/startups/,Public event activity,Iran (Islamic Republic of) appeared on Web Summit Startups,2026-09-30T23:09:19.680Z
Iraq,Web Summit Startups,Web Summit Startups,saas_conference,https://websummit.com/startups/,Public event activity,Iraq appeared on Web Summit Startups,2026-09-30T23:09:19.680Z
Ireland,Web Summit Startups,Web Summit Startups,saas_conference,https://websummit.com/startups/,Public event activity,Ireland appeared on Web Summit Startups,2026-09-30T23:09:19.680Z
Israel,Web Summit Startups,Web Summit Startups,saas_conference,https://websummit.com/startups/,Public event activity,Israel appeared on Web Summit Startups,2026-09-30T23:09:19.680Z
Italy,Web Summit Startups,Web Summit Startups,saas_conference,https://websummit.com/startups/,Public event activity,Italy appeared on Web Summit Startups,2026-09-30T23:09:19.680Z
Japan,Web Summit Startups,Web Summit Startups,saas_conference,https://websummit.com/startups/,Public event activity,Japan appeared on Web Summit Startups,2026-09-30T23:09:19.680Z
Jersey,Web Summit Startups,Web Summit Startups,saas_conference,https://websummit.com/startups/,Public event activity,Jersey appeared on Web Summit Startups,2026-09-30T23:09:19.680Z
Kazakhstan,Web Summit Startups,Web Summit Startups,saas_conference,https://websummit.com/startups/,Public event activity,Kazakhstan appeared on Web Summit Startups,2026-09-30T23:09:19.680Z
Korea (Democratic People's Republic of),Web Summit Startups,Web Summit Startups,saas_conference,https://websummit.com/startups/,Public event activity,Korea (Democratic People's Republic of) appeared on Web Summit Startups,2026-09-30T23:09:19.680Z
Korea (Republic of),Web Summit Startups,Web Summit Startups,saas_conference,https://websummit.com/startups/,Public event activity,Korea (Republic of) appeared on Web Summit Startups,2026-09-30T23:09:19.680Z
"Kosovo, Republic of",Web Summit Startups,Web Summit Startups,saas_conference,https://websummit.com/startups/,Public event activity,"Kosovo, Republic of appeared on Web Summit Startups",2026-09-30T23:09:19.680Z
Kuwait,Web Summit Startups,Web Summit Startups,saas_conference,https://websummit.com/startups/,Public event activity,Kuwait appeared on Web Summit Startups,2026-09-30T23:09:19.680Z
Latvia,Web Summit Startups,Web Summit Startups,saas_conference,https://websummit.com/startups/,Public event activity,Latvia appeared on Web Summit Startups,2026-09-30T23:09:19.680Z
Lithuania,Web Summit Startups,Web Summit Startups,saas_conference,https://websummit.com/startups/,Public event activity,Lithuania appeared on Web Summit Startups,2026-09-30T23:09:19.680Z
Luxembourg,Web Summit Startups,Web Summit Startups,saas_conference,https://websummit.com/startups/,Public event activity,Luxembourg appeared on Web Summit Startups,2026-09-30T23:09:19.680Z
Maldives,Web Summit Startups,Web Summit Startups,saas_conference,https://websummit.com/startups/,Public event activity,Maldives appeared on Web Summit Startups,2026-09-30T23:09:19.680Z
Malta,Web Summit Startups,Web Summit Startups,saas_conference,https://websummit.com/startups/,Public event activity,Malta appeared on Web Summit Startups,2026-09-30T23:09:19.680Z
Mexico,Web Summit Startups,Web Summit Startups,saas_conference,https://websummit.com/startups/,Public event activity,Mexico appeared on Web Summit Startups,2026-09-30T23:09:19.680Z
Moldova (Republic of),Web Summit Startups,Web Summit Startups,saas_conference,https://websummit.com/startups/,Public event activity,Moldova (Republic of) appeared on Web Summit Startups,2026-09-30T23:09:19.680Z
Morocco,Web Summit Startups,Web Summit Startups,saas_conference,https://websummit.com/startups/,Public event activity,Morocco appeared on Web Summit Startups,2026-09-30T23:09:19.680Z
Mozambique,Web Summit Startups,Web Summit Startups,saas_conference,https://websummit.com/startups/,Public event activity,Mozambique appeared on Web Summit Startups,2026-09-30T23:09:19.680Z
Netherlands,Web Summit Startups,Web Summit Startups,saas_conference,https://websummit.com/startups/,Public event activity,Netherlands appeared on Web Summit Startups,2026-09-30T23:09:19.680Z
New Zealand,Web Summit Startups,Web Summit Startups,saas_conference,https://websummit.com/startups/,Public event activity,New Zealand appeared on Web Summit Startups,2026-09-30T23:09:19.680Z
Nigeria,Web Summit Startups,Web Summit Startups,saas_conference,https://websummit.com/startups/,Public event activity,Nigeria appeared on Web Summit Startups,2026-09-30T23:09:19.680Z
North Macedonia,Web Summit Startups,Web Summit Startups,saas_conference,https://websummit.com/startups/,Public event activity,North Macedonia appeared on Web Summit Startups,2026-09-30T23:09:19.680Z
Norway,Web Summit Startups,Web Summit Startups,saas_conference,https://websummit.com/startups/,Public event activity,Norway appeared on Web Summit Startups,2026-09-30T23:09:19.680Z
Oman,Web Summit Startups,Web Summit Startups,saas_conference,https://websummit.com/startups/,Public event activity,Oman appeared on Web Summit Startups,2026-09-30T23:09:19.680Z
Pakistan,Web Summit Startups,Web Summit Startups,saas_conference,https://websummit.com/startups/,Public event activity,Pakistan appeared on Web Summit Startups,2026-09-30T23:09:19.680Z
Palau,Web Summit Startups,Web Summit Startups,saas_conference,https://websummit.com/startups/,Public event activity,Palau appeared on Web Summit Startups,2026-09-30T23:09:19.680Z
"Palestine, State of",Web Summit Startups,Web Summit Startups,saas_conference,https://websummit.com/startups/,Public event activity,"Palestine, State of appeared on Web Summit Startups",2026-09-30T23:09:19.680Z
Poland,Web Summit Startups,Web Summit Startups,saas_conference,https://websummit.com/startups/,Public event activity,Poland appeared on Web Summit Startups,2026-09-30T23:09:19.680Z
Portugal,Web Summit Startups,Web Summit Startups,saas_conference,https://websummit.com/startups/,Public event activity,Portugal appeared on Web Summit Startups,2026-09-30T23:09:19.680Z
Qatar,Web Summit Startups,Web Summit Startups,saas_conference,https://websummit.com/startups/,Public event activity,Qatar appeared on Web Summit Startups,2026-09-30T23:09:19.680Z
Romania,Web Summit Startups,Web Summit Startups,saas_conference,https://websummit.com/startups/,Public event activity,Romania appeared on Web Summit Startups,2026-09-30T23:09:19.680Z
Saudi Arabia,Web Summit Startups,Web Summit Startups,saas_conference,https://websummit.com/startups/,Public event activity,Saudi Arabia appeared on Web Summit Startups,2026-09-30T23:09:19.680Z
Serbia,Web Summit Startups,Web Summit Startups,saas_conference,https://websummit.com/startups/,Public event activity,Serbia appeared on Web Summit Startups,2026-09-30T23:09:19.680Z
Singapore,Web Summit Startups,Web Summit Startups,saas_conference,https://websummit.com/startups/,Public event activity,Singapore appeared on Web Summit Startups,2026-09-30T23:09:19.680Z
Slovakia,Web Summit Startups,Web Summit Startups,saas_conference,https://websummit.com/startups/,Public event activity,Slovakia appeared on Web Summit Startups,2026-09-30T23:09:19.680Z
Slovenia,Web Summit Startups,Web Summit Startups,saas_conference,https://websummit.com/startups/,Public event activity,Slovenia appeared on Web Summit Startups,2026-09-30T23:09:19.680Z
South Africa,Web Summit Startups,Web Summit Startups,saas_conference,https://websummit.com/startups/,Public event activity,South Africa appeared on Web Summit Startups,2026-09-30T23:09:19.680Z
Spain,Web Summit Startups,Web Summit Startups,saas_conference,https://websummit.com/startups/,Public event activity,Spain appeared on Web Summit Startups,2026-09-30T23:09:19.680Z
Sweden,Web Summit Startups,Web Summit Startups,saas_conference,https://websummit.com/startups/,Public event activity,Sweden appeared on Web Summit Startups,2026-09-30T23:09:19.680Z
Switzerland,Web Summit Startups,Web Summit Startups,saas_conference,https://websummit.com/startups/,Public event activity,Switzerland appeared on Web Summit Startups,2026-09-30T23:09:19.680Z
Taiwan,Web Summit Startups,Web Summit Startups,saas_conference,https://websummit.com/startups/,Public event activity,Taiwan appeared on Web Summit Startups,2026-09-30T23:09:19.680Z
Tajikistan,Web Summit Startups,Web Summit Startups,saas_conference,https://websummit.com/startups/,Public event activity,Tajikistan appeared on Web Summit Startups,2026-09-30T23:09:19.680Z
Türkiye,Web Summit Startups,Web Summit Startups,saas_conference,https://websummit.com/startups/,Public event activity,Türkiye appeared on Web Summit Startups,2026-09-30T23:09:19.680Z
Ukraine,Web Summit Startups,Web Summit Startups,saas_conference,https://websummit.com/startups/,Public event activity,Ukraine appeared on Web Summit Startups,2026-09-30T23:09:19.680Z
United Arab Emirates,Web Summit Startups,Web Summit Startups,saas_conference,https://websummit.com/startups/,Public event activity,United Arab Emirates appeared on Web Summit Startups,2026-09-30T23:09:19.680Z
United Kingdom,Web Summit Startups,Web Summit Startups,saas_conference,https://websummit.com/startups/,Public event activity,United Kingdom appeared on Web Summit Startups,2026-09-30T23:09:19.680Z
United States,Web Summit Startups,Web Summit Startups,saas_conference,https://websummit.com/startups/,Public event activity,United States appeared on Web Summit Startups,2026-09-30T23:09:19.680Z
Viet Nam,Web Summit Startups,Web Summit Startups,saas_conference,https://websummit.com/startups/,Public event activity,Viet Nam appeared on Web Summit Startups,2026-09-30T23:09:19.680Z
AI \u0026 machine learning,Web Summit Startups,Web Summit Startups,saas_conference,https://websummit.com/startups/,Public event activity,AI \u0026 machine learning appeared on Web Summit Startups,2026-09-30T23:09:19.680Z
"Advertising, content \u0026 marketing",Web Summit Startups,Web Summit Startups,saas_conference,https://websummit.com/startups/,Public event activity,"Advertising, content \u0026 marketing appeared on Web Summit Startups",2026-09-30T23:09:19.680Z
Agritech \u0026 foodtech,Web Summit Startups,Web Summit Startups,saas_conference,https://websummit.com/startups/,Public event activity,Agritech \u0026 foodtech appeared on Web Summit Startups,2026-09-30T23:09:19.680Z
Charities \u0026 NGOs,Web Summit Startups,Web Summit Startups,saas_conference,https://websummit.com/startups/,Public event activity,Charities \u0026 NGOs appeared on Web Summit Startups,2026-09-30T23:09:19.680Z
Data \u0026 analytics,Web Summit Startups,Web Summit Startups,saas_conference,https://websummit.com/startups/,Public event activity,Data \u0026 analytics appeared on Web Summit Startups,2026-09-30T23:09:19.680Z
Design,Web Summit Startups,Web Summit Startups,saas_conference,https://websummit.com/startups/,Public event activity,Design appeared on Web Summit Startups,2026-09-30T23:09:19.680Z
E-commerce \u0026 retail,Web Summit Startups,Web Summit Startups,saas_conference,https://websummit.com/startups/,Public event activity,E-commerce \u0026 retail appeared on Web Summit Startups,2026-09-30T23:09:19.680Z
Education,Web Summit Startups,Web Summit Startups,saas_conference,https://websummit.com/startups/,Public event activity,Education appeared on Web Summit Startups,2026-09-30T23:09:19.680Z
Energy \u0026 utilities,Web Summit Startups,Web Summit Startups,saas_conference,https://websummit.com/startups/,Public event activity,Energy \u0026 utilities appeared on Web Summit Startups,2026-09-30T23:09:19.680Z
Entertainment \u0026 media,Web Summit Startups,Web Summit Startups,saas_conference,https://websummit.com/startups/,Public event activity,Entertainment \u0026 media appeared on Web Summit Startups,2026-09-30T23:09:19.680Z
Event management,Web Summit Startups,Web Summit Startups,saas_conference,https://websummit.com/startups/,Public event activity,Event management appeared on Web Summit Startups,2026-09-30T23:09:19.680Z
Fintech \u0026 financial services,Web Summit Startups,Web Summit Startups,saas_conference,https://websummit.com/startups/,Public event activity,Fintech \u0026 financial services appeared on Web Summit Startups,2026-09-30T23:09:19.680Z
"Gaming, VR \u0026 AR",Web Summit Startups,Web Summit Startups,saas_conference,https://websummit.com/startups/,Public event activity,"Gaming, VR \u0026 AR appeared on Web Summit Startups",2026-09-30T23:09:19.680Z
HR \u0026 recruitment,Web Summit Startups,Web Summit Startups,saas_conference,https://websummit.com/startups/,Public event activity,HR \u0026 recruitment appeared on Web Summit Startups,2026-09-30T23:09:19.680Z
"Hardware, robotics \u0026 IoT",Web Summit Startups,Web Summit Startups,saas_conference,https://websummit.com/startups/,Public event activity,"Hardware, robotics \u0026 IoT appeared on Web Summit Startups",2026-09-30T23:09:19.680Z
Healthtech \u0026 wellness,Web Summit Startups,Web Summit Startups,saas_conference,https://websummit.com/startups/,Public event activity,Healthtech \u0026 wellness appeared on Web Summit Startups,2026-09-30T23:09:19.680Z
IA et apprentissage automatique,Web Summit Startups,Web Summit Startups,saas_conference,https://websummit.com/startups/,Public event activity,IA et apprentissage automatique appeared on Web Summit Startups,2026-09-30T23:09:19.680Z
"Industrials, manufacturing \u0026 consumer goods",Web Summit Startups,Web Summit Startups,saas_conference,https://websummit.com/startups/,Public event activity,"Industrials, manufacturing \u0026 consumer goods appeared on Web Summit Startups",2026-09-30T23:09:19.680Z
Legal \u0026 professional services,Web Summit Startups,Web Summit Startups,saas_conference,https://websummit.com/startups/,Public event activity,Legal \u0026 professional services appeared on Web Summit Startups,2026-09-30T23:09:19.680Z
Lifestyle \u0026 fashion,Web Summit Startups,Web Summit Startups,saas_conference,https://websummit.com/startups/,Public event activity,Lifestyle \u0026 fashion appeared on Web Summit Startups,2026-09-30T23:09:19.680Z
"Mobility, transportation \u0026 logistics",Web Summit Startups,Web Summit Startups,saas_conference,https://websummit.com/startups/,Public event activity,"Mobility, transportation \u0026 logistics appeared on Web Summit Startups",2026-09-30T23:09:19.680Z
"Politics, government \u0026 international trade",Web Summit Startups,Web Summit Startups,saas_conference,https://websummit.com/startups/,Public event activity,"Politics, government \u0026 international trade appeared on Web Summit Startups",2026-09-30T23:09:19.680Z
Proptech \u0026 real estate,Web Summit Startups,Web Summit Startups,saas_conference,https://websummit.com/startups/,Public event activity,Proptech \u0026 real estate appeared on Web Summit Startups,2026-09-30T23:09:19.680Z
SaaS,Web Summit Startups,Web Summit Startups,saas_conference,https://websummit.com/startups/,Public event activity,SaaS appeared on Web Summit Startups,2026-09-30T23:09:19.680Z
Security,Web Summit Startups,Web Summit Startups,saas_conference,https://websummit.com/startups/,Public event activity,Security appeared on Web Summit Startups,2026-09-30T23:09:19.680Z
Segurança,Web Summit Startups,Web Summit Startups,saas_conference,https://websummit.com/startups/,Public event activity,Segurança appeared on Web Summit Startups,2026-09-30T23:09:19.680Z
Social media \u0026 networking,Web Summit Startups,Web Summit Startups,saas_conference,https://websummit.com/startups/,Public event activity,Social media \u0026 networking appeared on Web Summit Startups,2026-09-30T23:09:19.680Z
Sports \u0026 fitness,Web Summit Startups,Web Summit Startups,saas_conference,https://websummit.com/startups/,Public event activity,Sports \u0026 fitness appeared on Web Summit Startups,2026-09-30T23:09:19.680Z
Sustainability \u0026 cleantech,Web Summit Startups,Web Summit Startups,saas_conference,https://websummit.com/startups/,Public event activity,Sustainability \u0026 cleantech appeared on Web Summit Startups,2026-09-30T23:09:19.680Z
Tecnologia limpa \u0026 Cleantech,Web Summit Startups,Web Summit Startups,saas_conference,https://websummit.com/startups/,Public event activity,Tecnologia limpa \u0026 Cleantech appeared on Web Summit Startups,2026-09-30T23:09:19.680Z
Telecommunications \u0026 IT,Web Summit Startups,Web Summit Startups,saas_conference,https://websummit.com/startups/,Public event activity,Telecommunications \u0026 IT appeared on Web Summit Startups,2026-09-30T23:09:19.680Z
Travel \u0026 hospitality,Web Summit Startups,Web Summit Startups,saas_conference,https://websummit.com/startups/,Public event activity,Travel \u0026 hospitality appeared on Web Summit Startups,2026-09-30T23:09:19.680Z
Turismo \u0026 Hospitalidade,Web Summit Startups,Web Summit Startups,saas_conference,https://websummit.com/startups/,Public event activity,Turismo \u0026 Hospitalidade appeared on Web Summit Startups,2026-09-30T23:09:19.680Z
Venture capital \u0026 private equity,Web Summit Startups,Web Summit Startups,saas_conference,https://websummit.com/startups/,Public event activity,Venture capital \u0026 private equity appeared on Web Summit Startups,2026-09-30T23:09:19.680Z
Web3,Web Summit Startups,Web Summit Startups,saas_conference,https://websummit.com/startups/,Public event activity,Web3 appeared on Web Summit Startups,2026-09-30T23:09:19.680Z
ALPHA,Web Summit Startups,Web Summit Startups,saas_conference,https://websummit.com/startups/,Public event activity,ALPHA appeared on Web Summit Startups,2026-09-30T23:09:19.680Z
BETA,Web Summit Startups,Web Summit Startups,saas_conference,https://websummit.com/startups/,Public event activity,BETA appeared on Web Summit Startups,2026-09-30T23:09:19.680Z
GROWTH,Web Summit Startups,Web Summit Startups,saas_conference,https://websummit.com/startups/,Public event activity,GROWTH appeared on Web Summit Startups,2026-09-30T23:09:19.680Z
HongShan,Web Summit Startups,Web Summit Startups,saas_conference,https://websummit.com/startups/,Public event activity,HongShan appeared on Web Summit Startups,2026-09-30T23:09:19.680Z
Redpoint Ventures,Web Summit Startups,Web Summit Startups,saas_conference,https://websummit.com/startups/,Public event activity,Redpoint Ventures appeared on Web Summit Startups,2026-09-30T23:09:19.680Z
Union Square Ventures,Web Summit Startups,Web Summit Startups,saas_conference,https://websummit.com/startups/,Public event activity,Union Square Ventures appeared on Web Summit Startups,2026-09-30T23:09:19.680Z
Khosla Ventures,Web Summit Startups,Web Summit Startups,saas_conference,https://websummit.com/startups/,Public event activity,Khosla Ventures appeared on Web Summit Startups,2026-09-30T23:09:19.680Z
General Catalyst,Web Summit Startups,Web Summit Startups,saas_conference,https://websummit.com/startups/,Public event activity,General Catalyst appeared on Web Summit Startups,2026-09-30T23:09:19.680Z
Founders Fund,Web Summit Startups,Web Summit Startups,saas_conference,https://websummit.com/startups/,Public event activity,Founders Fund appeared on Web Summit Startups,2026-09-30T23:09:19.680Z
Sequoia Capital,Web Summit Startups,Web Summit Startups,saas_conference,https://websummit.com/startups/,Public event activity,Sequoia Capital appeared on Web Summit Startups,2026-09-30T23:09:19.680Z
Seedcamp,Web Summit Startups,Web Summit Startups,saas_conference,https://websummit.com/startups/,Public event activity,Seedcamp appeared on Web Summit Startups,2026-09-30T23:09:19.680Z
GGV Capital,Web Summit Startups,Web Summit Startups,saas_conference,https://websummit.com/startups/,Public event activity,GGV Capital appeared on Web Summit Startups,2026-09-30T23:09:19.680Z
Blackstone,Web Summit Startups,Web Summit Startups,saas_conference,https://websummit.com/startups/,Public event activity,Blackstone appeared on Web Summit Startups,2026-09-30T23:09:19.680Z
Lowercase Capital,Web Summit Startups,Web Summit Startups,saas_conference,https://websummit.com/startups/,Public event activity,Lowercase Capital appeared on Web Summit Startups,2026-09-30T23:09:19.680Z
Matrix Partners,Web Summit Startups,Web Summit Startups,saas_conference,https://websummit.com/startups/,Public event activity,Matrix Partners appeared on Web Summit Startups,2026-09-30T23:09:19.680Z
ZhenFund,Web Summit Startups,Web Summit Startups,saas_conference,https://websummit.com/startups/,Public event activity,ZhenFund appeared on Web Summit Startups,2026-09-30T23:09:19.680Z
Meet our attendees,Web Summit Partners,Web Summit Partners,saas_conference,https://websummit.com/partners/,Public event activity,Meet our attendees appeared on Web Summit Partners,2026-09-30T23:09:19.680Z
Meet our speakers,Web Summit Partners,Web Summit Partners,saas_conference,https://websummit.com/partners/,Public event activity,Meet our speakers appeared on Web Summit Partners,2026-09-30T23:09:19.680Z
Content tracks,Web Summit Partners,Web Summit Partners,saas_conference,https://websummit.com/partners/,Public event activity,Content tracks appeared on Web Summit Partners,2026-09-30T23:09:19.680Z
Schedule,Web Summit Partners,Web Summit Partners,saas_conference,https://websummit.com/partners/,Public event activity,Schedule appeared on Web Summit Partners,2026-09-30T23:09:19.680Z
Meetups,Web Summit Partners,Web Summit Partners,saas_conference,https://websummit.com/partners/,Public event activity,Meetups appeared on Web Summit Partners,2026-09-30T23:09:19.680Z
Group offers,Web Summit Partners,Web Summit Partners,saas_conference,https://websummit.com/partners/,Public event activity,Group offers appeared on Web Summit Partners,2026-09-30T23:09:19.680Z
Partner with us,Web Summit Partners,Web Summit Partners,saas_conference,https://websummit.com/partners/,Public event activity,Partner with us appeared on Web Summit Partners,2026-09-30T23:09:19.680Z
Meet our partners,Web Summit Partners,Web Summit Partners,saas_conference,https://websummit.com/partners/,Public event activity,Meet our partners appeared on Web Summit Partners,2026-09-30T23:09:19.680Z
Apply for our startup programme,Web Summit Partners,Web Summit Partners,saas_conference,https://websummit.com/partners/,Public event activity,Apply for our startup programme appeared on Web Summit Partners,2026-09-30T23:09:19.680Z
IBM Sports Tech Startup Prize Competition,Web Summit Partners,Web Summit Partners,saas_conference,https://websummit.com/partners/,Public event activity,IBM Sports Tech Startup Prize Competition appeared on Web Summit Partners,2026-09-30T23:09:19.680Z
Featured startups,Web Summit Partners,Web Summit Partners,saas_conference,https://websummit.com/partners/,Public event activity,Featured startups appeared on Web Summit Partners,2026-09-30T23:09:19.680Z
Startup journey,Web Summit Partners,Web Summit Partners,saas_conference,https://websummit.com/partners/,Public event activity,Startup journey appeared on Web Summit Partners,2026-09-30T23:09:19.680Z
Impact startups,Web Summit Partners,Web Summit Partners,saas_conference,https://websummit.com/partners/,Public event activity,Impact startups appeared on Web Summit Partners,2026-09-30T23:09:19.680Z
Investors,Web Summit Partners,Web Summit Partners,saas_conference,https://websummit.com/partners/,Public event activity,Investors appeared on Web Summit Partners,2026-09-30T23:09:19.680Z
LP Investors,Web Summit Partners,Web Summit Partners,saas_conference,https://websummit.com/partners/,Public event activity,LP Investors appeared on Web Summit Partners,2026-09-30T23:09:19.680Z
Venture,Web Summit Partners,Web Summit Partners,saas_conference,https://websummit.com/partners/,Public event activity,Venture appeared on Web Summit Partners,2026-09-30T23:09:19.680Z
Media? Join us at Web Summit,Web Summit Partners,Web Summit Partners,saas_conference,https://websummit.com/partners/,Public event activity,Media? Join us at Web Summit appeared on Web Summit Partners,2026-09-30T23:09:19.680Z
Meet our media partners,Web Summit Partners,Web Summit Partners,saas_conference,https://websummit.com/partners/,Public event activity,Meet our media partners appeared on Web Summit Partners,2026-09-30T23:09:19.680Z
Web Summit reviews,Web Summit Partners,Web Summit Partners,saas_conference,https://websummit.com/partners/,Public event activity,Web Summit reviews appeared on Web Summit Partners,2026-09-30T23:09:19.680Z
Night Summit,Web Summit Partners,Web Summit Partners,saas_conference,https://websummit.com/partners/,Public event activity,Night Summit appeared on Web Summit Partners,2026-09-30T23:09:19.680Z
VIP experience,Web Summit Partners,Web Summit Partners,saas_conference,https://websummit.com/partners/,Public event activity,VIP experience appeared on Web Summit Partners,2026-09-30T23:09:19.680Z
Attendee experience,Web Summit Partners,Web Summit Partners,saas_conference,https://websummit.com/partners/,Public event activity,Attendee experience appeared on Web Summit Partners,2026-09-30T23:09:19.680Z
Women in Tech,Web Summit Partners,Web Summit Partners,saas_conference,https://websummit.com/partners/,Public event activity,Women in Tech appeared on Web Summit Partners,2026-09-30T23:09:19.680Z
Developer programme,Web Summit Partners,Web Summit Partners,saas_conference,https://websummit.com/partners/,Public event activity,Developer programme appeared on Web Summit Partners,2026-09-30T23:09:19.680Z
Convince your boss,Web Summit Partners,Web Summit Partners,saas_conference,https://websummit.com/partners/,Public event activity,Convince your boss appeared on Web Summit Partners,2026-09-30T23:09:19.680Z
Hotels,Web Summit Partners,Web Summit Partners,saas_conference,https://websummit.com/partners/,Public event activity,Hotels appeared on Web Summit Partners,2026-09-30T23:09:19.680Z
Volunteers,Web Summit Partners,Web Summit Partners,saas_conference,https://websummit.com/partners/,Public event activity,Volunteers appeared on Web Summit Partners,2026-09-30T23:09:19.680Z
Ambassadors programme,Web Summit Partners,Web Summit Partners,saas_conference,https://websummit.com/partners/,Public event activity,Ambassadors programme appeared on Web Summit Partners,2026-09-30T23:09:19.680Z
Apply to speak,Web Summit Partners,Web Summit Partners,saas_conference,https://websummit.com/partners/,Public event activity,Apply to speak appeared on Web Summit Partners,2026-09-30T23:09:19.680Z
Blog,Web Summit Partners,Web Summit Partners,saas_conference,https://websummit.com/partners/,Public event activity,Blog appeared on Web Summit Partners,2026-09-30T23:09:19.680Z
Icon / MyTicket Book tickets,Web Summit Partners,Web Summit Partners,saas_conference,https://websummit.com/partners/,Public event activity,Icon / MyTicket Book tickets appeared on Web Summit Partners,2026-09-30T23:09:19.680Z
Icon / Chevron / Up Copy Exhibit,Web Summit Partners,Web Summit Partners,saas_conference,https://websummit.com/partners/,Public event activity,Icon / Chevron / Up Copy Exhibit appeared on Web Summit Partners,2026-09-30T23:09:19.680Z
About Us,Web Summit Partners,Web Summit Partners,saas_conference,https://websummit.com/partners/,Public event activity,About Us appeared on Web Summit Partners,2026-09-30T23:09:19.680Z
Careers,Web Summit Partners,Web Summit Partners,saas_conference,https://websummit.com/partners/,Public event activity,Careers appeared on Web Summit Partners,2026-09-30T23:09:19.680Z
Impact,Web Summit Partners,Web Summit Partners,saas_conference,https://websummit.com/partners/,Public event activity,Impact appeared on Web Summit Partners,2026-09-30T23:09:19.680Z
Subscribe to our newsletter,Web Summit Partners,Web Summit Partners,saas_conference,https://websummit.com/partners/,Public event activity,Subscribe to our newsletter appeared on Web Summit Partners,2026-09-30T23:09:19.680Z
Web Summit Lisbon,Web Summit Partners,Web Summit Partners,saas_conference,https://websummit.com/partners/,Public event activity,Web Summit Lisbon appeared on Web Summit Partners,2026-09-30T23:09:19.680Z
Web Summit Rio,Web Summit Partners,Web Summit Partners,saas_conference,https://websummit.com/partners/,Public event activity,Web Summit Rio appeared on Web Summit Partners,2026-09-30T23:09:19.680Z
Web Summit Qatar,Web Summit Partners,Web Summit Partners,saas_conference,https://websummit.com/partners/,Public event activity,Web Summit Qatar appeared on Web Summit Partners,2026-09-30T23:09:19.680Z
Web Summit Vancouver,Web Summit Partners,Web Summit Partners,saas_conference,https://websummit.com/partners/,Public event activity,Web Summit Vancouver appeared on Web Summit Partners,2026-09-30T23:09:19.680Z
RISE - Asia,Web Summit Partners,Web Summit Partners,saas_conference,https://websummit.com/partners/,Public event activity,RISE - Asia appeared on Web Summit Partners,2026-09-30T23:09:19.680Z
Support centre,Web Summit Partners,Web Summit Partners,saas_conference,https://websummit.com/partners/,Public event activity,Support centre appeared on Web Summit Partners,2026-09-30T23:09:19.680Z
Log in,Web Summit Partners,Web Summit Partners,saas_conference,https://websummit.com/partners/,Public event activity,Log in appeared on Web Summit Partners,2026-09-30T23:09:19.680Z
Media,Web Summit Partners,Web Summit Partners,saas_conference,https://websummit.com/partners/,Public event activity,Media appeared on Web Summit Partners,2026-09-30T23:09:19.680Z
Summaries,Web Summit Partners,Web Summit Partners,saas_conference,https://websummit.com/partners/,Public event activity,Summaries appeared on Web Summit Partners,2026-09-30T23:09:19.680Z
Anti-harassment policy,Web Summit Partners,Web Summit Partners,saas_conference,https://websummit.com/partners/,Public event activity,Anti-harassment policy appeared on Web Summit Partners,2026-09-30T23:09:19.680Z
Accessibility at Web Summit,Web Summit Partners,Web Summit Partners,saas_conference,https://websummit.com/partners/,Public event activity,Accessibility at Web Summit appeared on Web Summit Partners,2026-09-30T23:09:19.680Z
Volunteer at Web Summit,Web Summit Partners,Web Summit Partners,saas_conference,https://websummit.com/partners/,Public event activity,Volunteer at Web Summit appeared on Web Summit Partners,2026-09-30T23:09:19.680Z
Termos e Condições,Web Summit Partners,Web Summit Partners,saas_conference,https://websummit.com/partners/,Public event activity,Termos e Condições appeared on Web Summit Partners,2026-09-30T23:09:19.680Z
Política de Privacidade,Web Summit Partners,Web Summit Partners,saas_conference,https://websummit.com/partners/,Public event activity,Política de Privacidade appeared on Web Summit Partners,2026-09-30T23:09:19.680Z
Manage Cookies,Web Summit Partners,Web Summit Partners,saas_conference,https://websummit.com/partners/,Public event activity,Manage Cookies appeared on Web Summit Partners,2026-09-30T23:09:19.680Z
adobe_logo,Web Summit Partners,Web Summit Partners,saas_conference,https://websummit.com/partners/,Public event activity,adobe_logo appeared on Web Summit Partners,2026-09-30T23:09:19.680Z
cisco logo,Web Summit Partners,Web Summit Partners,saas_conference,https://websummit.com/partners/,Public event activity,cisco logo appeared on Web Summit Partners,2026-09-30T23:09:19.680Z
Elon Musk,Web Summit Partners,Web Summit Partners,saas_conference,https://websummit.com/partners/,Public event activity,Elon Musk appeared on Web Summit Partners,2026-09-30T23:09:19.680Z
Serena Williams,Web Summit Partners,Web Summit Partners,saas_conference,https://websummit.com/partners/,Public event activity,Serena Williams appeared on Web Summit Partners,2026-09-30T23:09:19.680Z
Ryan Reynolds,Web Summit Partners,Web Summit Partners,saas_conference,https://websummit.com/partners/,Public event activity,Ryan Reynolds appeared on Web Summit Partners,2026-09-30T23:09:19.680Z
Sam Altman,Web Summit Partners,Web Summit Partners,saas_conference,https://websummit.com/partners/,Public event activity,Sam Altman appeared on Web Summit Partners,2026-09-30T23:09:19.680Z
Ursula von der Leyen,Web Summit Partners,Web Summit Partners,saas_conference,https://websummit.com/partners/,Public event activity,Ursula von der Leyen appeared on Web Summit Partners,2026-09-30T23:09:19.680Z
Marques Brownlee,Web Summit Partners,Web Summit Partners,saas_conference,https://websummit.com/partners/,Public event activity,Marques Brownlee appeared on Web Summit Partners,2026-09-30T23:09:19.680Z
Olena Zelenska,Web Summit Partners,Web Summit Partners,saas_conference,https://websummit.com/partners/,Public event activity,Olena Zelenska appeared on Web Summit Partners,2026-09-30T23:09:19.680Z
Reed Hastings,Web Summit Partners,Web Summit Partners,saas_conference,https://websummit.com/partners/,Public event activity,Reed Hastings appeared on Web Summit Partners,2026-09-30T23:09:19.680Z
HM Queen Rania Al Abdullah of Jordan,Web Summit Partners,Web Summit Partners,saas_conference,https://websummit.com/partners/,Public event activity,HM Queen Rania Al Abdullah of Jordan appeared on Web Summit Partners,2026-09-30T23:09:19.680Z
Stephen Hawking,Web Summit Partners,Web Summit Partners,saas_conference,https://websummit.com/partners/,Public event activity,Stephen Hawking appeared on Web Summit Partners,2026-09-30T23:09:19.680Z
Kara Swisher,Web Summit Partners,Web Summit Partners,saas_conference,https://websummit.com/partners/,Public event activity,Kara Swisher appeared on Web Summit Partners,2026-09-30T23:09:19.680Z
Bono null,Web Summit Partners,Web Summit Partners,saas_conference,https://websummit.com/partners/,Public event activity,Bono null appeared on Web Summit Partners,2026-09-30T23:09:19.680Z
Margaret Atwood,Web Summit Partners,Web Summit Partners,saas_conference,https://websummit.com/partners/,Public event activity,Margaret Atwood appeared on Web Summit Partners,2026-09-30T23:09:19.680Z
António Guterres,Web Summit Partners,Web Summit Partners,saas_conference,https://websummit.com/partners/,Public event activity,António Guterres appeared on Web Summit Partners,2026-09-30T23:09:19.680Z
Melanie Perkins,Web Summit Partners,Web Summit Partners,saas_conference,https://websummit.com/partners/,Public event activity,Melanie Perkins appeared on Web Summit Partners,2026-09-30T23:09:19.680Z
Montage of partner activations,Web Summit Partners,Web Summit Partners,saas_conference,https://websummit.com/partners/,Public event activity,Montage of partner activations appeared on Web Summit Partners,2026-09-30T23:09:19.680Z
The Telegraph logo,Web Summit Partners,Web Summit Partners,saas_conference,https://websummit.com/partners/,Public event activity,The Telegraph logo appeared on Web Summit Partners,2026-09-30T23:09:19.680Z
Linkedin,Web Summit Partners,Web Summit Partners,saas_conference,https://websummit.com/partners/,Public event activity,Linkedin appeared on Web Summit Partners,2026-09-30T23:09:19.680Z
Facebook,Web Summit Partners,Web Summit Partners,saas_conference,https://websummit.com/partners/,Public event activity,Facebook appeared on Web Summit Partners,2026-09-30T23:09:19.680Z
Instagram,Web Summit Partners,Web Summit Partners,saas_conference,https://websummit.com/partners/,Public event activity,Instagram appeared on Web Summit Partners,2026-09-30T23:09:19.680Z
Main Navigation,Web Summit Partners,Web Summit Partners,saas_conference,https://websummit.com/partners/,Public event activity,Main Navigation appeared on Web Summit Partners,2026-09-30T23:09:19.680Z
Work email,Web Summit Partners,Web Summit Partners,saas_conference,https://websummit.com/partners/,Public event activity,Work email appeared on Web Summit Partners,2026-09-30T23:09:19.680Z
"Web Summit, Lisbon",Web Summit Partners,Web Summit Partners,saas_conference,https://websummit.com/partners/,Public event activity,"Web Summit, Lisbon appeared on Web Summit Partners",2026-09-30T23:09:19.680Z
"MEO Arena, Lisbon",Web Summit Partners,Web Summit Partners,saas_conference,https://websummit.com/partners/,Public event activity,"MEO Arena, Lisbon appeared on Web Summit Partners",2026-09-30T23:09:19.680Z
"Altice Arena, Rossio dos Olivais, 1990-231 Lisboa, Portugal",Web Summit Partners,Web Summit Partners,saas_conference,https://websummit.com/partners/,Public event activity,"Altice Arena, Rossio dos Olivais, 1990-231 Lisboa, Portugal appeared on Web Summit Partners",2026-09-30T23:09:19.680Z
Web Summit,Web Summit Partners,Web Summit Partners,saas_conference,https://websummit.com/partners/,Public event activity,Web Summit appeared on Web Summit Partners,2026-09-30T23:09:19.680Z
work_email,Web Summit Partners,Web Summit Partners,saas_conference,https://websummit.com/partners/,Public event activity,work_email appeared on Web Summit Partners,2026-09-30T23:09:19.680Z
referrer,Web Summit Partners,Web Summit Partners,saas_conference,https://websummit.com/partners/,Public event activity,referrer appeared on Web Summit Partners,2026-09-30T23:09:19.680Z
uuid,Web Summit Partners,Web Summit Partners,saas_conference,https://websummit.com/partners/,Public event activity,uuid appeared on Web Summit Partners,2026-09-30T23:09:19.680Z
collateral_sent,Web Summit Partners,Web Summit Partners,saas_conference,https://websummit.com/partners/,Public event activity,collateral_sent appeared on Web Summit Partners,2026-09-30T23:09:19.680Z
utm_value,Web Summit Partners,Web Summit Partners,saas_conference,https://websummit.com/partners/,Public event activity,utm_value appeared on Web Summit Partners,2026-09-30T23:09:19.680Z
linkedin_url,Web Summit Partners,Web Summit Partners,saas_conference,https://websummit.com/partners/,Public event activity,linkedin_url appeared on Web Summit Partners,2026-09-30T23:09:19.680Z
first_name,Web Summit Partners,Web Summit Partners,saas_conference,https://websummit.com/partners/,Public event activity,first_name appeared on Web Summit Partners,2026-09-30T23:09:19.680Z
last_name,Web Summit Partners,Web Summit Partners,saas_conference,https://websummit.com/partners/,Public event activity,last_name appeared on Web Summit Partners,2026-09-30T23:09:19.680Z
phone_number,Web Summit Partners,Web Summit Partners,saas_conference,https://websummit.com/partners/,Public event activity,phone_number appeared on Web Summit Partners,2026-09-30T23:09:19.680Z
job_title,Web Summit Partners,Web Summit Partners,saas_conference,https://websummit.com/partners/,Public event activity,job_title appeared on Web Summit Partners,2026-09-30T23:09:19.680Z
company_name,Web Summit Partners,Web Summit Partners,saas_conference,https://websummit.com/partners/,Public event activity,company_name appeared on Web Summit Partners,2026-09-30T23:09:19.680Z
company_website,Web Summit Partners,Web Summit Partners,saas_conference,https://websummit.com/partners/,Public event activity,company_website appeared on Web Summit Partners,2026-09-30T23:09:19.680Z
how_many_employees_are_in_your_company,Web Summit Partners,Web Summit Partners,saas_conference,https://websummit.com/partners/,Public event activity,how_many_employees_are_in_your_company appeared on Web Summit Partners,2026-09-30T23:09:19.680Z
company_headquarters,Web Summit Partners,Web Summit Partners,saas_conference,https://websummit.com/partners/,Public event activity,company_headquarters appeared on Web Summit Partners,2026-09-30T23:09:19.680Z
im_interested_in,Web Summit Partners,Web Summit Partners,saas_conference,https://websummit.com/partners/,Public event activity,im_interested_in appeared on Web Summit Partners,2026-09-30T23:09:19.680Z
what_is_your_industry,Web Summit Partners,Web Summit Partners,saas_conference,https://websummit.com/partners/,Public event activity,what_is_your_industry appeared on Web Summit Partners,2026-09-30T23:09:19.680Z
interested_in_partnering_with_us_at_our_other_global_events,Web Summit Partners,Web Summit Partners,saas_conference,https://websummit.com/partners/,Public event activity,interested_in_partnering_with_us_at_our_other_global_events appeared on Web Summit Partners,2026-09-30T23:09:19.680Z
campaign_source,Web Summit Partners,Web Summit Partners,saas_conference,https://websummit.com/partners/,Public event activity,campaign_source appeared on Web Summit Partners,2026-09-30T23:09:19.680Z
campaign_medium,Web Summit Partners,Web Summit Partners,saas_conference,https://websummit.com/partners/,Public event activity,campaign_medium appeared on Web Summit Partners,2026-09-30T23:09:19.680Z
campaign_term,Web Summit Partners,Web Summit Partners,saas_conference,https://websummit.com/partners/,Public event activity,campaign_term appeared on Web Summit Partners,2026-09-30T23:09:19.680Z
campaign_content,Web Summit Partners,Web Summit Partners,saas_conference,https://websummit.com/partners/,Public event activity,campaign_content appeared on Web Summit Partners,2026-09-30T23:09:19.680Z
campaign_name,Web Summit Partners,Web Summit Partners,saas_conference,https://websummit.com/partners/,Public event activity,campaign_name appeared on Web Summit Partners,2026-09-30T23:09:19.680Z
gclid_google_click_identifier,Web Summit Partners,Web Summit Partners,saas_conference,https://websummit.com/partners/,Public event activity,gclid_google_click_identifier appeared on Web Summit Partners,2026-09-30T23:09:19.680Z
li_fat_id_linkedin_click_identifier,Web Summit Partners,Web Summit Partners,saas_conference,https://websummit.com/partners/,Public event activity,li_fat_id_linkedin_click_identifier appeared on Web Summit Partners,2026-09-30T23:09:19.680Z
Albania,Web Summit Partners,Web Summit Partners,saas_conference,https://websummit.com/partners/,Public event activity,Albania appeared on Web Summit Partners,2026-09-30T23:09:19.680Z
Australia,Web Summit Partners,Web Summit Partners,saas_conference,https://websummit.com/partners/,Public event activity,Australia appeared on Web Summit Partners,2026-09-30T23:09:19.680Z
Austria,Web Summit Partners,Web Summit Partners,saas_conference,https://websummit.com/partners/,Public event activity,Austria appeared on Web Summit Partners,2026-09-30T23:09:19.680Z
Azerbaijan,Web Summit Partners,Web Summit Partners,saas_conference,https://websummit.com/partners/,Public event activity,Azerbaijan appeared on Web Summit Partners,2026-09-30T23:09:19.680Z
Belgium,Web Summit Partners,Web Summit Partners,saas_conference,https://websummit.com/partners/,Public event activity,Belgium appeared on Web Summit Partners,2026-09-30T23:09:19.680Z
Brazil,Web Summit Partners,Web Summit Partners,saas_conference,https://websummit.com/partners/,Public event activity,Brazil appeared on Web Summit Partners,2026-09-30T23:09:19.680Z
Canada,Web Summit Partners,Web Summit Partners,saas_conference,https://websummit.com/partners/,Public event activity,Canada appeared on Web Summit Partners,2026-09-30T23:09:19.680Z
China,Web Summit Partners,Web Summit Partners,saas_conference,https://websummit.com/partners/,Public event activity,China appeared on Web Summit Partners,2026-09-30T23:09:19.680Z
Croatia,Web Summit Partners,Web Summit Partners,saas_conference,https://websummit.com/partners/,Public event activity,Croatia appeared on Web Summit Partners,2026-09-30T23:09:19.680Z
Cyprus,Web Summit Partners,Web Summit Partners,saas_conference,https://websummit.com/partners/,Public event activity,Cyprus appeared on Web Summit Partners,2026-09-30T23:09:19.680Z
Czechia,Web Summit Partners,Web Summit Partners,saas_conference,https://websummit.com/partners/,Public event activity,Czechia appeared on Web Summit Partners,2026-09-30T23:09:19.680Z
Denmark,Web Summit Partners,Web Summit Partners,saas_conference,https://websummit.com/partners/,Public event activity,Denmark appeared on Web Summit Partners,2026-09-30T23:09:19.680Z
Egypt,Web Summit Partners,Web Summit Partners,saas_conference,https://websummit.com/partners/,Public event activity,Egypt appeared on Web Summit Partners,2026-09-30T23:09:19.680Z
Estonia,Web Summit Partners,Web Summit Partners,saas_conference,https://websummit.com/partners/,Public event activity,Estonia appeared on Web Summit Partners,2026-09-30T23:09:19.680Z
Finland,Web Summit Partners,Web Summit Partners,saas_conference,https://websummit.com/partners/,Public event activity,Finland appeared on Web Summit Partners,2026-09-30T23:09:19.680Z
France,Web Summit Partners,Web Summit Partners,saas_conference,https://websummit.com/partners/,Public event activity,France appeared on Web Summit Partners,2026-09-30T23:09:19.680Z
Georgia,Web Summit Partners,Web Summit Partners,saas_conference,https://websummit.com/partners/,Public event activity,Georgia appeared on Web Summit Partners,2026-09-30T23:09:19.680Z
Germany,Web Summit Partners,Web Summit Partners,saas_conference,https://websummit.com/partners/,Public event activity,Germany appeared on Web Summit Partners,2026-09-30T23:09:19.680Z
Greece,Web Summit Partners,Web Summit Partners,saas_conference,https://websummit.com/partners/,Public event activity,Greece appeared on Web Summit Partners,2026-09-30T23:09:19.680Z
Hong Kong,Web Summit Partners,Web Summit Partners,saas_conference,https://websummit.com/partners/,Public event activity,Hong Kong appeared on Web Summit Partners,2026-09-30T23:09:19.680Z
Hungary,Web Summit Partners,Web Summit Partners,saas_conference,https://websummit.com/partners/,Public event activity,Hungary appeared on Web Summit Partners,2026-09-30T23:09:19.680Z
India,Web Summit Partners,Web Summit Partners,saas_conference,https://websummit.com/partners/,Public event activity,India appeared on Web Summit Partners,2026-09-30T23:09:19.680Z
Israel,Web Summit Partners,Web Summit Partners,saas_conference,https://websummit.com/partners/,Public event activity,Israel appeared on Web Summit Partners,2026-09-30T23:09:19.680Z
Italy,Web Summit Partners,Web Summit Partners,saas_conference,https://websummit.com/partners/,Public event activity,Italy appeared on Web Summit Partners,2026-09-30T23:09:19.680Z
Japan,Web Summit Partners,Web Summit Partners,saas_conference,https://websummit.com/partners/,Public event activity,Japan appeared on Web Summit Partners,2026-09-30T23:09:19.680Z
Korea (Republic of),Web Summit Partners,Web Summit Partners,saas_conference,https://websummit.com/partners/,Public event activity,Korea (Republic of) appeared on Web Summit Partners,2026-09-30T23:09:19.680Z
"Kosovo, Republic of",Web Summit Partners,Web Summit Partners,saas_conference,https://websummit.com/partners/,Public event activity,"Kosovo, Republic of appeared on Web Summit Partners",2026-09-30T23:09:19.680Z
Kyrgyzstan,Web Summit Partners,Web Summit Partners,saas_conference,https://websummit.com/partners/,Public event activity,Kyrgyzstan appeared on Web Summit Partners,2026-09-30T23:09:19.680Z
Latvia,Web Summit Partners,Web Summit Partners,saas_conference,https://websummit.com/partners/,Public event activity,Latvia appeared on Web Summit Partners,2026-09-30T23:09:19.680Z
Lithuania,Web Summit Partners,Web Summit Partners,saas_conference,https://websummit.com/partners/,Public event activity,Lithuania appeared on Web Summit Partners,2026-09-30T23:09:19.680Z
Luxembourg,Web Summit Partners,Web Summit Partners,saas_conference,https://websummit.com/partners/,Public event activity,Luxembourg appeared on Web Summit Partners,2026-09-30T23:09:19.680Z
Malta,Web Summit Partners,Web Summit Partners,saas_conference,https://websummit.com/partners/,Public event activity,Malta appeared on Web Summit Partners,2026-09-30T23:09:19.680Z
Moldova (Republic of),Web Summit Partners,Web Summit Partners,saas_conference,https://websummit.com/partners/,Public event activity,Moldova (Republic of) appeared on Web Summit Partners,2026-09-30T23:09:19.680Z
Netherlands,Web Summit Partners,Web Summit Partners,saas_conference,https://websummit.com/partners/,Public event activity,Netherlands appeared on Web Summit Partners,2026-09-30T23:09:19.680Z
Oman,Web Summit Partners,Web Summit Partners,saas_conference,https://websummit.com/partners/,Public event activity,Oman appeared on Web Summit Partners,2026-09-30T23:09:19.680Z
Pakistan,Web Summit Partners,Web Summit Partners,saas_conference,https://websummit.com/partners/,Public event activity,Pakistan appeared on Web Summit Partners,2026-09-30T23:09:19.680Z
"Palestine, State of",Web Summit Partners,Web Summit Partners,saas_conference,https://websummit.com/partners/,Public event activity,"Palestine, State of appeared on Web Summit Partners",2026-09-30T23:09:19.680Z
Poland,Web Summit Partners,Web Summit Partners,saas_conference,https://websummit.com/partners/,Public event activity,Poland appeared on Web Summit Partners,2026-09-30T23:09:19.680Z
Portugal,Web Summit Partners,Web Summit Partners,saas_conference,https://websummit.com/partners/,Public event activity,Portugal appeared on Web Summit Partners,2026-09-30T23:09:19.680Z
Qatar,Web Summit Partners,Web Summit Partners,saas_conference,https://websummit.com/partners/,Public event activity,Qatar appeared on Web Summit Partners,2026-09-30T23:09:19.680Z
Romania,Web Summit Partners,Web Summit Partners,saas_conference,https://websummit.com/partners/,Public event activity,Romania appeared on Web Summit Partners,2026-09-30T23:09:19.680Z
Serbia,Web Summit Partners,Web Summit Partners,saas_conference,https://websummit.com/partners/,Public event activity,Serbia appeared on Web Summit Partners,2026-09-30T23:09:19.680Z
Slovakia,Web Summit Partners,Web Summit Partners,saas_conference,https://websummit.com/partners/,Public event activity,Slovakia appeared on Web Summit Partners,2026-09-30T23:09:19.680Z
Slovenia,Web Summit Partners,Web Summit Partners,saas_conference,https://websummit.com/partners/,Public event activity,Slovenia appeared on Web Summit Partners,2026-09-30T23:09:19.680Z
Spain,Web Summit Partners,Web Summit Partners,saas_conference,https://websummit.com/partners/,Public event activity,Spain appeared on Web Summit Partners,2026-09-30T23:09:19.680Z
Switzerland,Web Summit Partners,Web Summit Partners,saas_conference,https://websummit.com/partners/,Public event activity,Switzerland appeared on Web Summit Partners,2026-09-30T23:09:19.680Z
Türkiye,Web Summit Partners,Web Summit Partners,saas_conference,https://websummit.com/partners/,Public event activity,Türkiye appeared on Web Summit Partners,2026-09-30T23:09:19.680Z
Ukraine,Web Summit Partners,Web Summit Partners,saas_conference,https://websummit.com/partners/,Public event activity,Ukraine appeared on Web Summit Partners,2026-09-30T23:09:19.680Z
United Arab Emirates,Web Summit Partners,Web Summit Partners,saas_conference,https://websummit.com/partners/,Public event activity,United Arab Emirates appeared on Web Summit Partners,2026-09-30T23:09:19.680Z
United Kingdom,Web Summit Partners,Web Summit Partners,saas_conference,https://websummit.com/partners/,Public event activity,United Kingdom appeared on Web Summit Partners,2026-09-30T23:09:19.680Z
United States,Web Summit Partners,Web Summit Partners,saas_conference,https://websummit.com/partners/,Public event activity,United States appeared on Web Summit Partners,2026-09-30T23:09:19.680Z
Uzbekistan,Web Summit Partners,Web Summit Partners,saas_conference,https://websummit.com/partners/,Public event activity,Uzbekistan appeared on Web Summit Partners,2026-09-30T23:09:19.680Z
AI \u0026 machine learning,Web Summit Partners,Web Summit Partners,saas_conference,https://websummit.com/partners/,Public event activity,AI \u0026 machine learning appeared on Web Summit Partners,2026-09-30T23:09:19.680Z
"Advertising, content \u0026 marketing",Web Summit Partners,Web Summit Partners,saas_conference,https://websummit.com/partners/,Public event activity,"Advertising, content \u0026 marketing appeared on Web Summit Partners",2026-09-30T23:09:19.680Z
Agritech \u0026 foodtech,Web Summit Partners,Web Summit Partners,saas_conference,https://websummit.com/partners/,Public event activity,Agritech \u0026 foodtech appeared on Web Summit Partners,2026-09-30T23:09:19.680Z
Charities \u0026 NGOs,Web Summit Partners,Web Summit Partners,saas_conference,https://websummit.com/partners/,Public event activity,Charities \u0026 NGOs appeared on Web Summit Partners,2026-09-30T23:09:19.680Z
Data \u0026 analytics,Web Summit Partners,Web Summit Partners,saas_conference,https://websummit.com/partners/,Public event activity,Data \u0026 analytics appeared on Web Summit Partners,2026-09-30T23:09:19.680Z
E-commerce \u0026 retail,Web Summit Partners,Web Summit Partners,saas_conference,https://websummit.com/partners/,Public event activity,E-commerce \u0026 retail appeared on Web Summit Partners,2026-09-30T23:09:19.680Z
E-commerce \u0026 varejo,Web Summit Partners,Web Summit Partners,saas_conference,https://websummit.com/partners/,Public event activity,E-commerce \u0026 varejo appeared on Web Summit Partners,2026-09-30T23:09:19.680Z
Education,Web Summit Partners,Web Summit Partners,saas_conference,https://websummit.com/partners/,Public event activity,Education appeared on Web Summit Partners,2026-09-30T23:09:19.680Z
Energy \u0026 utilities,Web Summit Partners,Web Summit Partners,saas_conference,https://websummit.com/partners/,Public event activity,Energy \u0026 utilities appeared on Web Summit Partners,2026-09-30T23:09:19.680Z
Entertainment \u0026 media,Web Summit Partners,Web Summit Partners,saas_conference,https://websummit.com/partners/,Public event activity,Entertainment \u0026 media appeared on Web Summit Partners,2026-09-30T23:09:19.680Z
Event management,Web Summit Partners,Web Summit Partners,saas_conference,https://websummit.com/partners/,Public event activity,Event management appeared on Web Summit Partners,2026-09-30T23:09:19.680Z
Fintech \u0026 financial services,Web Summit Partners,Web Summit Partners,saas_conference,https://websummit.com/partners/,Public event activity,Fintech \u0026 financial services appeared on Web Summit Partners,2026-09-30T23:09:19.680Z
"Gaming, VR \u0026 AR",Web Summit Partners,Web Summit Partners,saas_conference,https://websummit.com/partners/,Public event activity,"Gaming, VR \u0026 AR appeared on Web Summit Partners",2026-09-30T23:09:19.680Z
HR \u0026 recruitment,Web Summit Partners,Web Summit Partners,saas_conference,https://websummit.com/partners/,Public event activity,HR \u0026 recruitment appeared on Web Summit Partners,2026-09-30T23:09:19.680Z
"Hardware, robotics \u0026 IoT",Web Summit Partners,Web Summit Partners,saas_conference,https://websummit.com/partners/,Public event activity,"Hardware, robotics \u0026 IoT appeared on Web Summit Partners",2026-09-30T23:09:19.680Z
Healthtech \u0026 wellness,Web Summit Partners,Web Summit Partners,saas_conference,https://websummit.com/partners/,Public event activity,Healthtech \u0026 wellness appeared on Web Summit Partners,2026-09-30T23:09:19.680Z
"Industrials, manufacturing \u0026 consumer goods",Web Summit Partners,Web Summit Partners,saas_conference,https://websummit.com/partners/,Public event activity,"Industrials, manufacturing \u0026 consumer goods appeared on Web Summit Partners",2026-09-30T23:09:19.680Z
Legal \u0026 professional services,Web Summit Partners,Web Summit Partners,saas_conference,https://websummit.com/partners/,Public event activity,Legal \u0026 professional services appeared on Web Summit Partners,2026-09-30T23:09:19.680Z
"Politics, government \u0026 international trade",Web Summit Partners,Web Summit Partners,saas_conference,https://websummit.com/partners/,Public event activity,"Politics, government \u0026 international trade appeared on Web Summit Partners",2026-09-30T23:09:19.680Z
Proptech \u0026 real estate,Web Summit Partners,Web Summit Partners,saas_conference,https://websummit.com/partners/,Public event activity,Proptech \u0026 real estate appeared on Web Summit Partners,2026-09-30T23:09:19.680Z
SaaS,Web Summit Partners,Web Summit Partners,saas_conference,https://websummit.com/partners/,Public event activity,SaaS appeared on Web Summit Partners,2026-09-30T23:09:19.680Z
Security,Web Summit Partners,Web Summit Partners,saas_conference,https://websummit.com/partners/,Public event activity,Security appeared on Web Summit Partners,2026-09-30T23:09:19.680Z
Sustainability \u0026 cleantech,Web Summit Partners,Web Summit Partners,saas_conference,https://websummit.com/partners/,Public event activity,Sustainability \u0026 cleantech appeared on Web Summit Partners,2026-09-30T23:09:19.680Z
Telecommunications \u0026 IT,Web Summit Partners,Web Summit Partners,saas_conference,https://websummit.com/partners/,Public event activity,Telecommunications \u0026 IT appeared on Web Summit Partners,2026-09-30T23:09:19.680Z
Venture capital \u0026 private equity,Web Summit Partners,Web Summit Partners,saas_conference,https://websummit.com/partners/,Public event activity,Venture capital \u0026 private equity appeared on Web Summit Partners,2026-09-30T23:09:19.680Z
"xAI, Tesla, SpaceX",Web Summit Partners,Web Summit Partners,saas_conference,https://websummit.com/partners/,Public event activity,"xAI, Tesla, SpaceX appeared on Web Summit Partners",2026-09-30T23:09:19.680Z
OpenAI,Web Summit Partners,Web Summit Partners,saas_conference,https://websummit.com/partners/,Public event activity,OpenAI appeared on Web Summit Partners,2026-09-30T23:09:19.680Z
European Commission,Web Summit Partners,Web Summit Partners,saas_conference,https://websummit.com/partners/,Public event activity,European Commission appeared on Web Summit Partners,2026-09-30T23:09:19.680Z
Netflix,Web Summit Partners,Web Summit Partners,saas_conference,https://websummit.com/partners/,Public event activity,Netflix appeared on Web Summit Partners,2026-09-30T23:09:19.680Z
Kingdom of Jordan,Web Summit Partners,Web Summit Partners,saas_conference,https://websummit.com/partners/,Public event activity,Kingdom of Jordan appeared on Web Summit Partners,2026-09-30T23:09:19.680Z
Cambridge University,Web Summit Partners,Web Summit Partners,saas_conference,https://websummit.com/partners/,Public event activity,Cambridge University appeared on Web Summit Partners,2026-09-30T23:09:19.680Z
Recode,Web Summit Partners,Web Summit Partners,saas_conference,https://websummit.com/partners/,Public event activity,Recode appeared on Web Summit Partners,2026-09-30T23:09:19.680Z
U2,Web Summit Partners,Web Summit Partners,saas_conference,https://websummit.com/partners/,Public event activity,U2 appeared on Web Summit Partners,2026-09-30T23:09:19.680Z
United Nations,Web Summit Partners,Web Summit Partners,saas_conference,https://websummit.com/partners/,Public event activity,United Nations appeared on Web Summit Partners,2026-09-30T23:09:19.680Z
Canva,Web Summit Partners,Web Summit Partners,saas_conference,https://websummit.com/partners/,Public event activity,Canva appeared on Web Summit Partners,2026-09-30T23:09:19.680Z
Get 2027 Tickets →,SaaStr Annual,SaaStr Annual,saas_conference,https://www.saastrannual.com/,Public event activity,Get 2027 Tickets → appeared on SaaStr Annual,2026-09-30T23:09:19.680Z
2026 agenda & speakers (archive),SaaStr Annual,SaaStr Annual,saas_conference,https://www.saastrannual.com/,Public event activity,2026 agenda & speakers (archive) appeared on SaaStr Annual,2026-09-30T23:09:19.680Z
Parties & side events,SaaStr Annual,SaaStr Annual,saas_conference,https://www.saastrannual.com/,Public event activity,Parties & side events appeared on SaaStr Annual,2026-09-30T23:09:19.680Z
Venue & location,SaaStr Annual,SaaStr Annual,saas_conference,https://www.saastrannual.com/,Public event activity,Venue & location appeared on SaaStr Annual,2026-09-30T23:09:19.680Z
Sponsors,SaaStr Annual,SaaStr Annual,saas_conference,https://www.saastrannual.com/,Public event activity,Sponsors appeared on SaaStr Annual,2026-09-30T23:09:19.680Z
Networking,SaaStr Annual,SaaStr Annual,saas_conference,https://www.saastrannual.com/,Public event activity,Networking appeared on SaaStr Annual,2026-09-30T23:09:19.680Z
CMO Summit,SaaStr Annual,SaaStr Annual,saas_conference,https://www.saastrannual.com/,Public event activity,CMO Summit appeared on SaaStr Annual,2026-09-30T23:09:19.680Z
CRO Summit,SaaStr Annual,SaaStr Annual,saas_conference,https://www.saastrannual.com/,Public event activity,CRO Summit appeared on SaaStr Annual,2026-09-30T23:09:19.680Z
CCO Summit,SaaStr Annual,SaaStr Annual,saas_conference,https://www.saastrannual.com/,Public event activity,CCO Summit appeared on SaaStr Annual,2026-09-30T23:09:19.680Z
Meet a VC,SaaStr Annual,SaaStr Annual,saas_conference,https://www.saastrannual.com/,Public event activity,Meet a VC appeared on SaaStr Annual,2026-09-30T23:09:19.680Z
Pitch Competition,SaaStr Annual,SaaStr Annual,saas_conference,https://www.saastrannual.com/,Public event activity,Pitch Competition appeared on SaaStr Annual,2026-09-30T23:09:19.680Z
Apply to speak,SaaStr Annual,SaaStr Annual,saas_conference,https://www.saastrannual.com/,Public event activity,Apply to speak appeared on SaaStr Annual,2026-09-30T23:09:19.680Z
Deep Dive workshops,SaaStr Annual,SaaStr Annual,saas_conference,https://www.saastrannual.com/,Public event activity,Deep Dive workshops appeared on SaaStr Annual,2026-09-30T23:09:19.680Z
SaaStr Fellowship,SaaStr Annual,SaaStr Annual,saas_conference,https://www.saastrannual.com/,Public event activity,SaaStr Fellowship appeared on SaaStr Annual,2026-09-30T23:09:19.680Z
Volunteer for a free pass,SaaStr Annual,SaaStr Annual,saas_conference,https://www.saastrannual.com/,Public event activity,Volunteer for a free pass appeared on SaaStr Annual,2026-09-30T23:09:19.680Z
Testimonials,SaaStr Annual,SaaStr Annual,saas_conference,https://www.saastrannual.com/,Public event activity,Testimonials appeared on SaaStr Annual,2026-09-30T23:09:19.680Z
SaaStr AI Annual 2027,SaaStr Annual,SaaStr Annual,saas_conference,https://www.saastrannual.com/,Public event activity,SaaStr AI Annual 2027 appeared on SaaStr Annual,2026-09-30T23:09:19.680Z
San Mateo County Event Center,SaaStr Annual,SaaStr Annual,saas_conference,https://www.saastrannual.com/,Public event activity,San Mateo County Event Center appeared on SaaStr Annual,2026-09-30T23:09:19.680Z
SaaStr,SaaStr Annual,SaaStr Annual,saas_conference,https://www.saastrannual.com/,Public event activity,SaaStr appeared on SaaStr Annual,2026-09-30T23:09:19.680Z
Jason Lemkin,SaaStr Annual,SaaStr Annual,saas_conference,https://www.saastrannual.com/,Public event activity,Jason Lemkin appeared on SaaStr Annual,2026-09-30T23:09:19.680Z
Search by Algolia,SaaStr Events,SaaStr Events,saas_conference,https://www.saastr.com/events/,Public event activity,Search by Algolia appeared on SaaStr Events,2026-09-30T23:09:19.680Z
SaaStr Fund ($200m),SaaStr Events,SaaStr Events,saas_conference,https://www.saastr.com/events/,Public event activity,SaaStr Fund ($200m) appeared on SaaStr Events,2026-09-30T23:09:19.680Z
AI Tools,SaaStr Events,SaaStr Events,saas_conference,https://www.saastr.com/events/,Public event activity,AI Tools appeared on SaaStr Events,2026-09-30T23:09:19.680Z
AI VC,SaaStr Events,SaaStr Events,saas_conference,https://www.saastr.com/events/,Public event activity,AI VC appeared on SaaStr Events,2026-09-30T23:09:19.680Z
AI Mentor: Digital Jason + Amelia,SaaStr Events,SaaStr Events,saas_conference,https://www.saastr.com/events/,Public event activity,AI Mentor: Digital Jason + Amelia appeared on SaaStr Events,2026-09-30T23:09:19.680Z
AI Startup Benchmarking,SaaStr Events,SaaStr Events,saas_conference,https://www.saastr.com/events/,Public event activity,AI Startup Benchmarking appeared on SaaStr Events,2026-09-30T23:09:19.680Z
Content,SaaStr Events,SaaStr Events,saas_conference,https://www.saastr.com/events/,Public event activity,Content appeared on SaaStr Events,2026-09-30T23:09:19.680Z
AI Agent Playbook,SaaStr Events,SaaStr Events,saas_conference,https://www.saastr.com/events/,Public event activity,AI Agent Playbook appeared on SaaStr Events,2026-09-30T23:09:19.680Z
Free eBooks,SaaStr Events,SaaStr Events,saas_conference,https://www.saastr.com/events/,Public event activity,Free eBooks appeared on SaaStr Events,2026-09-30T23:09:19.680Z
eBook: Hiring a Great VP of Sales,SaaStr Events,SaaStr Events,saas_conference,https://www.saastr.com/events/,Public event activity,eBook: Hiring a Great VP of Sales appeared on SaaStr Events,2026-09-30T23:09:19.680Z
eBook: Raising Capital,SaaStr Events,SaaStr Events,saas_conference,https://www.saastr.com/events/,Public event activity,eBook: Raising Capital appeared on SaaStr Events,2026-09-30T23:09:19.680Z
eBook: The First $1m ARR,SaaStr Events,SaaStr Events,saas_conference,https://www.saastr.com/events/,Public event activity,eBook: The First $1m ARR appeared on SaaStr Events,2026-09-30T23:09:19.680Z
University,SaaStr Events,SaaStr Events,saas_conference,https://www.saastr.com/events/,Public event activity,University appeared on SaaStr Events,2026-09-30T23:09:19.680Z
All Posts,SaaStr Events,SaaStr Events,saas_conference,https://www.saastr.com/events/,Public event activity,All Posts appeared on SaaStr Events,2026-09-30T23:09:19.680Z
Podcasts,SaaStr Events,SaaStr Events,saas_conference,https://www.saastr.com/events/,Public event activity,Podcasts appeared on SaaStr Events,2026-09-30T23:09:19.680Z
The Top CROs,SaaStr Events,SaaStr Events,saas_conference,https://www.saastr.com/events/,Public event activity,The Top CROs appeared on SaaStr Events,2026-09-30T23:09:19.680Z
VC Fundraising,SaaStr Events,SaaStr Events,saas_conference,https://www.saastr.com/events/,Public event activity,VC Fundraising appeared on SaaStr Events,2026-09-30T23:09:19.680Z
Top Videos,SaaStr Events,SaaStr Events,saas_conference,https://www.saastr.com/events/,Public event activity,Top Videos appeared on SaaStr Events,2026-09-30T23:09:19.680Z
Q&A,SaaStr Events,SaaStr Events,saas_conference,https://www.saastr.com/events/,Public event activity,Q&#038;A appeared on SaaStr Events,2026-09-30T23:09:19.680Z
Best of SaaStr,SaaStr Events,SaaStr Events,saas_conference,https://www.saastr.com/events/,Public event activity,Best of SaaStr appeared on SaaStr Events,2026-09-30T23:09:19.680Z
#1 Bestselling Book,SaaStr Events,SaaStr Events,saas_conference,https://www.saastr.com/events/,Public event activity,#1 Bestselling Book appeared on SaaStr Events,2026-09-30T23:09:19.680Z
Search Everything,SaaStr Events,SaaStr Events,saas_conference,https://www.saastr.com/events/,Public event activity,Search Everything appeared on SaaStr Events,2026-09-30T23:09:19.680Z
Join the Community,SaaStr Events,SaaStr Events,saas_conference,https://www.saastr.com/events/,Public event activity,Join the Community appeared on SaaStr Events,2026-09-30T23:09:19.680Z
SaaStr AI Events,SaaStr Events,SaaStr Events,saas_conference,https://www.saastr.com/events/,Public event activity,SaaStr AI Events appeared on SaaStr Events,2026-09-30T23:09:19.680Z
AI Annual 2026,SaaStr Events,SaaStr Events,saas_conference,https://www.saastr.com/events/,Public event activity,AI Annual 2026 appeared on SaaStr Events,2026-09-30T23:09:19.680Z
Events Overview,SaaStr Events,SaaStr Events,saas_conference,https://www.saastr.com/events/,Public event activity,Events Overview appeared on SaaStr Events,2026-09-30T23:09:19.680Z
Sponsors,SaaStr Events,SaaStr Events,saas_conference,https://www.saastr.com/events/,Public event activity,Sponsors appeared on SaaStr Events,2026-09-30T23:09:19.680Z
Event Sponsorship,SaaStr Events,SaaStr Events,saas_conference,https://www.saastr.com/events/,Public event activity,Event Sponsorship appeared on SaaStr Events,2026-09-30T23:09:19.680Z
Media Sponsorship,SaaStr Events,SaaStr Events,saas_conference,https://www.saastr.com/events/,Public event activity,Media Sponsorship appeared on SaaStr Events,2026-09-30T23:09:19.680Z
Digital AI Day 2026 (Free),SaaStr Events,SaaStr Events,saas_conference,https://www.saastr.com/events/,Public event activity,Digital AI Day 2026 (Free) appeared on SaaStr Events,2026-09-30T23:09:19.680Z
Speaker Submissions,SaaStr Events,SaaStr Events,saas_conference,https://www.saastr.com/events/,Public event activity,Speaker Submissions appeared on SaaStr Events,2026-09-30T23:09:19.680Z
Speaker Requirements,SaaStr Events,SaaStr Events,saas_conference,https://www.saastr.com/events/,Public event activity,Speaker Requirements appeared on SaaStr Events,2026-09-30T23:09:19.680Z
Overview,SaaStr Events,SaaStr Events,saas_conference,https://www.saastr.com/events/,Public event activity,Overview appeared on SaaStr Events,2026-09-30T23:09:19.680Z
About,SaaStr Events,SaaStr Events,saas_conference,https://www.saastr.com/events/,Public event activity,About appeared on SaaStr Events,2026-09-30T23:09:19.680Z
Company,SaaStr Events,SaaStr Events,saas_conference,https://www.saastr.com/events/,Public event activity,Company appeared on SaaStr Events,2026-09-30T23:09:19.680Z
FREE AI Workshops,SaaStr Events,SaaStr Events,saas_conference,https://www.saastr.com/events/,Public event activity,FREE AI Workshops appeared on SaaStr Events,2026-09-30T23:09:19.680Z
Join! (Free),SaaStr Events,SaaStr Events,saas_conference,https://www.saastr.com/events/,Public event activity,Join! (Free) appeared on SaaStr Events,2026-09-30T23:09:19.680Z
Get Tickets,SaaStr Events,SaaStr Events,saas_conference,https://www.saastr.com/events/,Public event activity,Get Tickets appeared on SaaStr Events,2026-09-30T23:09:19.680Z
Learn more,SaaStr Events,SaaStr Events,saas_conference,https://www.saastr.com/events/,Public event activity,Learn more appeared on SaaStr Events,2026-09-30T23:09:19.680Z
Sign Up,SaaStr Events,SaaStr Events,saas_conference,https://www.saastr.com/events/,Public event activity,Sign Up appeared on SaaStr Events,2026-09-30T23:09:19.680Z
Sponsor,SaaStr Events,SaaStr Events,saas_conference,https://www.saastr.com/events/,Public event activity,Sponsor appeared on SaaStr Events,2026-09-30T23:09:19.680Z
SaaStr Annual 2025,SaaStr Events,SaaStr Events,saas_conference,https://www.saastr.com/events/,Public event activity,SaaStr Annual 2025 appeared on SaaStr Events,2026-09-30T23:09:19.680Z
SaaStr Europa 2025,SaaStr Events,SaaStr Events,saas_conference,https://www.saastr.com/events/,Public event activity,SaaStr Europa 2025 appeared on SaaStr Events,2026-09-30T23:09:19.680Z
SaaStr AI 2025,SaaStr Events,SaaStr Events,saas_conference,https://www.saastr.com/events/,Public event activity,SaaStr AI 2025 appeared on SaaStr Events,2026-09-30T23:09:19.680Z
Free Workshop Wednesdays,SaaStr Events,SaaStr Events,saas_conference,https://www.saastr.com/events/,Public event activity,Free Workshop Wednesdays appeared on SaaStr Events,2026-09-30T23:09:19.680Z
Blog,SaaStr Events,SaaStr Events,saas_conference,https://www.saastr.com/events/,Public event activity,Blog appeared on SaaStr Events,2026-09-30T23:09:19.680Z
Videos,SaaStr Events,SaaStr Events,saas_conference,https://www.saastr.com/events/,Public event activity,Videos appeared on SaaStr Events,2026-09-30T23:09:19.680Z
Academy,SaaStr Events,SaaStr Events,saas_conference,https://www.saastr.com/events/,Public event activity,Academy appeared on SaaStr Events,2026-09-30T23:09:19.680Z
Ebooks,SaaStr Events,SaaStr Events,saas_conference,https://www.saastr.com/events/,Public event activity,Ebooks appeared on SaaStr Events,2026-09-30T23:09:19.680Z
SaaStr Annual,SaaStr Events,SaaStr Events,saas_conference,https://www.saastr.com/events/,Public event activity,SaaStr Annual appeared on SaaStr Events,2026-09-30T23:09:19.680Z
SaaStr Summit,SaaStr Events,SaaStr Events,saas_conference,https://www.saastr.com/events/,Public event activity,SaaStr Summit appeared on SaaStr Events,2026-09-30T23:09:19.680Z
SaaStr Europa,SaaStr Events,SaaStr Events,saas_conference,https://www.saastr.com/events/,Public event activity,SaaStr Europa appeared on SaaStr Events,2026-09-30T23:09:19.680Z
SaaStr Scale,SaaStr Events,SaaStr Events,saas_conference,https://www.saastr.com/events/,Public event activity,SaaStr Scale appeared on SaaStr Events,2026-09-30T23:09:19.680Z
SaaStr Fund,SaaStr Events,SaaStr Events,saas_conference,https://www.saastr.com/events/,Public event activity,SaaStr Fund appeared on SaaStr Events,2026-09-30T23:09:19.680Z
Sitemap,SaaStr Events,SaaStr Events,saas_conference,https://www.saastr.com/events/,Public event activity,Sitemap appeared on SaaStr Events,2026-09-30T23:09:19.680Z
Follow,SaaStr Events,SaaStr Events,saas_conference,https://www.saastr.com/events/,Public event activity,Follow appeared on SaaStr Events,2026-09-30T23:09:19.680Z
SaaStrAI,SaaStr Events,SaaStr Events,saas_conference,https://www.saastr.com/events/,Public event activity,SaaStrAI appeared on SaaStr Events,2026-09-30T23:09:19.680Z
SaaStr Pro,SaaStr Events,SaaStr Events,saas_conference,https://www.saastr.com/events/,Public event activity,SaaStr Pro appeared on SaaStr Events,2026-09-30T23:09:19.680Z
SaaStr CSS,SaaStr Events,SaaStr Events,saas_conference,https://www.saastr.com/events/,Public event activity,SaaStr CSS appeared on SaaStr Events,2026-09-30T23:09:19.680Z
SaaStr Want More,SaaStr Events,SaaStr Events,saas_conference,https://www.saastr.com/events/,Public event activity,SaaStr Want More appeared on SaaStr Events,2026-09-30T23:09:19.680Z
SaaStr Partners,SaaStr Events,SaaStr Events,saas_conference,https://www.saastr.com/events/,Public event activity,SaaStr Partners appeared on SaaStr Events,2026-09-30T23:09:19.680Z
SaaStr Events,SaaStr Events,SaaStr Events,saas_conference,https://www.saastr.com/events/,Public event activity,SaaStr Events appeared on SaaStr Events,2026-09-30T23:09:19.680Z
SaaStr Academy,SaaStr Events,SaaStr Events,saas_conference,https://www.saastr.com/events/,Public event activity,SaaStr Academy appeared on SaaStr Events,2026-09-30T23:09:19.680Z
Huffington Post,SaaStr Events,SaaStr Events,saas_conference,https://www.saastr.com/events/,Public event activity,Huffington Post appeared on SaaStr Events,2026-09-30T23:09:19.680Z
Algolia,SaaStr Events,SaaStr Events,saas_conference,https://www.saastr.com/events/,Public event activity,Algolia appeared on SaaStr Events,2026-09-30T23:09:19.680Z
Search for:,SaaStr Events,SaaStr Events,saas_conference,https://www.saastr.com/events/,Public event activity,Search for: appeared on SaaStr Events,2026-09-30T23:09:19.680Z
"Join SaaStr Annual 2025: The Secrets To Scaling, And Where AI Meets B2B l May 13-15, SF Bay",SaaStr Events,SaaStr Events,saas_conference,https://www.saastr.com/events/,Public event activity,"Join SaaStr Annual 2025: The Secrets To Scaling, And Where AI Meets B2B l May 13-15, SF Bay appeared on SaaStr Events",2026-09-30T23:09:19.680Z
SaaStr Europa l Pirates & Romantics l December 2025 l London,SaaStr Events,SaaStr Events,saas_conference,https://www.saastr.com/events/,Public event activity,SaaStr Europa l Pirates & Romantics l December 2025 l London appeared on SaaStr Events,2026-09-30T23:09:19.680Z
Workshop Wednesdays,SaaStr Events,SaaStr Events,saas_conference,https://www.saastr.com/events/,Public event activity,Workshop Wednesdays appeared on SaaStr Events,2026-09-30T23:09:19.680Z
Home-Box-Pro,SaaStr Events,SaaStr Events,saas_conference,https://www.saastr.com/events/,Public event activity,Home-Box-Pro appeared on SaaStr Events,2026-09-30T23:09:19.680Z
Sponsors-Header-Media-color,SaaStr Events,SaaStr Events,saas_conference,https://www.saastr.com/events/,Public event activity,Sponsors-Header-Media-color appeared on SaaStr Events,2026-09-30T23:09:19.680Z
Home-Box-CSS,SaaStr Events,SaaStr Events,saas_conference,https://www.saastr.com/events/,Public event activity,Home-Box-CSS appeared on SaaStr Events,2026-09-30T23:09:19.680Z
saastr-home-event1,SaaStr Events,SaaStr Events,saas_conference,https://www.saastr.com/events/,Public event activity,saastr-home-event1 appeared on SaaStr Events,2026-09-30T23:09:19.680Z
Home-Box-WantMore,SaaStr Events,SaaStr Events,saas_conference,https://www.saastr.com/events/,Public event activity,Home-Box-WantMore appeared on SaaStr Events,2026-09-30T23:09:19.680Z
Home-Box-Partners,SaaStr Events,SaaStr Events,saas_conference,https://www.saastr.com/events/,Public event activity,Home-Box-Partners appeared on SaaStr Events,2026-09-30T23:09:19.680Z
saastr-home-css1,SaaStr Events,SaaStr Events,saas_conference,https://www.saastr.com/events/,Public event activity,saastr-home-css1 appeared on SaaStr Events,2026-09-30T23:09:19.680Z
Home-Box-Events,SaaStr Events,SaaStr Events,saas_conference,https://www.saastr.com/events/,Public event activity,Home-Box-Events appeared on SaaStr Events,2026-09-30T23:09:19.680Z
Home-Box-Academy,SaaStr Events,SaaStr Events,saas_conference,https://www.saastr.com/events/,Public event activity,Home-Box-Academy appeared on SaaStr Events,2026-09-30T23:09:19.680Z
saastr-home-academyb,SaaStr Events,SaaStr Events,saas_conference,https://www.saastr.com/events/,Public event activity,saastr-home-academyb appeared on SaaStr Events,2026-09-30T23:09:19.680Z
Get Smarter About B2B + AI,SaaStr Events,SaaStr Events,saas_conference,https://www.saastr.com/events/,Public event activity,Get Smarter About B2B + AI appeared on SaaStr Events,2026-09-30T23:09:19.680Z
Asset 1@4x,SaaStr Events,SaaStr Events,saas_conference,https://www.saastr.com/events/,Public event activity,Asset 1@4x appeared on SaaStr Events,2026-09-30T23:09:19.680Z
Follow on Facebook,SaaStr Events,SaaStr Events,saas_conference,https://www.saastr.com/events/,Public event activity,Follow on Facebook appeared on SaaStr Events,2026-09-30T23:09:19.680Z
Follow on Twitter,SaaStr Events,SaaStr Events,saas_conference,https://www.saastr.com/events/,Public event activity,Follow on Twitter appeared on SaaStr Events,2026-09-30T23:09:19.680Z
Follow on RSS,SaaStr Events,SaaStr Events,saas_conference,https://www.saastr.com/events/,Public event activity,Follow on RSS appeared on SaaStr Events,2026-09-30T23:09:19.680Z
Follow on Quora,SaaStr Events,SaaStr Events,saas_conference,https://www.saastr.com/events/,Public event activity,Follow on Quora appeared on SaaStr Events,2026-09-30T23:09:19.680Z
Follow on Youtube,SaaStr Events,SaaStr Events,saas_conference,https://www.saastr.com/events/,Public event activity,Follow on Youtube appeared on SaaStr Events,2026-09-30T23:09:19.680Z
Follow on iTunes,SaaStr Events,SaaStr Events,saas_conference,https://www.saastr.com/events/,Public event activity,Follow on iTunes appeared on SaaStr Events,2026-09-30T23:09:19.680Z
Events,SaaStr Events,SaaStr Events,saas_conference,https://www.saastr.com/events/,Public event activity,Events appeared on SaaStr Events,2026-09-30T23:09:19.680Z
Dark Mode Toggle,SaaStr Events,SaaStr Events,saas_conference,https://www.saastr.com/events/,Public event activity,Dark Mode Toggle appeared on SaaStr Events,2026-09-30T23:09:19.680Z
Sweet Dark,SaaStr Events,SaaStr Events,saas_conference,https://www.saastr.com/events/,Public event activity,Sweet Dark appeared on SaaStr Events,2026-09-30T23:09:19.680Z
Gold,SaaStr Events,SaaStr Events,saas_conference,https://www.saastr.com/events/,Public event activity,Gold appeared on SaaStr Events,2026-09-30T23:09:19.680Z
Sapphire,SaaStr Events,SaaStr Events,saas_conference,https://www.saastr.com/events/,Public event activity,Sapphire appeared on SaaStr Events,2026-09-30T23:09:19.680Z
Tailwind,SaaStr Events,SaaStr Events,saas_conference,https://www.saastr.com/events/,Public event activity,Tailwind appeared on SaaStr Events,2026-09-30T23:09:19.680Z
Midnight Bloom,SaaStr Events,SaaStr Events,saas_conference,https://www.saastr.com/events/,Public event activity,Midnight Bloom appeared on SaaStr Events,2026-09-30T23:09:19.680Z
Fuchsia,SaaStr Events,SaaStr Events,saas_conference,https://www.saastr.com/events/,Public event activity,Fuchsia appeared on SaaStr Events,2026-09-30T23:09:19.680Z
Rose,SaaStr Events,SaaStr Events,saas_conference,https://www.saastr.com/events/,Public event activity,Rose appeared on SaaStr Events,2026-09-30T23:09:19.680Z
Violet,SaaStr Events,SaaStr Events,saas_conference,https://www.saastr.com/events/,Public event activity,Violet appeared on SaaStr Events,2026-09-30T23:09:19.680Z
Pink,SaaStr Events,SaaStr Events,saas_conference,https://www.saastr.com/events/,Public event activity,Pink appeared on SaaStr Events,2026-09-30T23:09:19.680Z
Kelly,SaaStr Events,SaaStr Events,saas_conference,https://www.saastr.com/events/,Public event activity,Kelly appeared on SaaStr Events,2026-09-30T23:09:19.680Z
Magenta,SaaStr Events,SaaStr Events,saas_conference,https://www.saastr.com/events/,Public event activity,Magenta appeared on SaaStr Events,2026-09-30T23:09:19.680Z
Green,SaaStr Events,SaaStr Events,saas_conference,https://www.saastr.com/events/,Public event activity,Green appeared on SaaStr Events,2026-09-30T23:09:19.680Z
Orange,SaaStr Events,SaaStr Events,saas_conference,https://www.saastr.com/events/,Public event activity,Orange appeared on SaaStr Events,2026-09-30T23:09:19.680Z
Yellow,SaaStr Events,SaaStr Events,saas_conference,https://www.saastr.com/events/,Public event activity,Yellow appeared on SaaStr Events,2026-09-30T23:09:19.680Z
Facebook,SaaStr Events,SaaStr Events,saas_conference,https://www.saastr.com/events/,Public event activity,Facebook appeared on SaaStr Events,2026-09-30T23:09:19.680Z
Twitter,SaaStr Events,SaaStr Events,saas_conference,https://www.saastr.com/events/,Public event activity,Twitter appeared on SaaStr Events,2026-09-30T23:09:19.680Z
saastrlive_searchable_posts,SaaStr Events,SaaStr Events,saas_conference,https://www.saastr.com/events/,Public event activity,saastrlive_searchable_posts appeared on SaaStr Events,2026-09-30T23:09:19.680Z
saastrlive_posts_post,SaaStr Events,SaaStr Events,saas_conference,https://www.saastr.com/events/,Public event activity,saastrlive_posts_post appeared on SaaStr Events,2026-09-30T23:09:19.680Z
saastrlive_posts_page,SaaStr Events,SaaStr Events,saas_conference,https://www.saastr.com/events/,Public event activity,saastrlive_posts_page appeared on SaaStr Events,2026-09-30T23:09:19.680Z
Posts,SaaStr Events,SaaStr Events,saas_conference,https://www.saastr.com/events/,Public event activity,Posts appeared on SaaStr Events,2026-09-30T23:09:19.680Z
Pages,SaaStr Events,SaaStr Events,saas_conference,https://www.saastr.com/events/,Public event activity,Pages appeared on SaaStr Events,2026-09-30T23:09:19.680Z
Media,SaaStr Events,SaaStr Events,saas_conference,https://www.saastr.com/events/,Public event activity,Media appeared on SaaStr Events,2026-09-30T23:09:19.680Z
Projects,SaaStr Events,SaaStr Events,saas_conference,https://www.saastr.com/events/,Public event activity,Projects appeared on SaaStr Events,2026-09-30T23:09:19.680Z
Post Types,SaaStr Events,SaaStr Events,saas_conference,https://www.saastr.com/events/,Public event activity,Post Types appeared on SaaStr Events,2026-09-30T23:09:19.680Z
Categories,SaaStr Events,SaaStr Events,saas_conference,https://www.saastr.com/events/,Public event activity,Categories appeared on SaaStr Events,2026-09-30T23:09:19.680Z
Tags,SaaStr Events,SaaStr Events,saas_conference,https://www.saastr.com/events/,Public event activity,Tags appeared on SaaStr Events,2026-09-30T23:09:19.680Z
Packs,SaaStr Events,SaaStr Events,saas_conference,https://www.saastr.com/events/,Public event activity,Packs appeared on SaaStr Events,2026-09-30T23:09:19.680Z
Year,SaaStr Events,SaaStr Events,saas_conference,https://www.saastr.com/events/,Public event activity,Year appeared on SaaStr Events,2026-09-30T23:09:19.680Z
Flagship Events,SaaStock,SaaStock,saas_conference,https://www.saastock.com/,Public event activity,Flagship Events appeared on SaaStock,2026-09-30T23:09:19.680Z
"2025 SaaStock Europe 2025 Dublin · Oct 13–15, 2025 1,680 attendees 83 speakers 84 sponsors",SaaStock,SaaStock,saas_conference,https://www.saastock.com/,Public event activity,"2025 SaaStock Europe 2025 Dublin · Oct 13–15, 2025 1,680 attendees 83 speakers 84 sponsors appeared on SaaStock",2026-09-30T23:09:19.680Z
"2024 SaaStock Europe 2024 Dublin · Oct 14–16, 2024 3,119 attendees 155 speakers 392 sponsors",SaaStock,SaaStock,saas_conference,https://www.saastock.com/,Public event activity,"2024 SaaStock Europe 2024 Dublin · Oct 14–16, 2024 3,119 attendees 155 speakers 392 sponsors appeared on SaaStock",2026-09-30T23:09:19.680Z
"2023 SaaStock Europe 2023 Dublin · Oct 16–18, 2023 3,521 attendees 164 speakers",SaaStock,SaaStock,saas_conference,https://www.saastock.com/,Public event activity,"2023 SaaStock Europe 2023 Dublin · Oct 16–18, 2023 3,521 attendees 164 speakers appeared on SaaStock",2026-09-30T23:09:19.680Z
"2026 SaaStock USA 2026 Austin · Apr 15–16, 2026 935 attendees 57 speakers 55 sponsors",SaaStock,SaaStock,saas_conference,https://www.saastock.com/,Public event activity,"2026 SaaStock USA 2026 Austin · Apr 15–16, 2026 935 attendees 57 speakers 55 sponsors appeared on SaaStock",2026-09-30T23:09:19.680Z
"2025 SaaStock USA 2025 Austin · May 13–14, 2025 1,376 attendees 81 speakers 64 sponsors",SaaStock,SaaStock,saas_conference,https://www.saastock.com/,Public event activity,"2025 SaaStock USA 2025 Austin · May 13–14, 2025 1,376 attendees 81 speakers 64 sponsors appeared on SaaStock",2026-09-30T23:09:19.680Z
"2024 SaaStock USA 2024 Austin · May 13–15, 2024 1,194 attendees 73 speakers 161 sponsors",SaaStock,SaaStock,saas_conference,https://www.saastock.com/,Public event activity,"2024 SaaStock USA 2024 Austin · May 13–15, 2024 1,194 attendees 73 speakers 161 sponsors appeared on SaaStock",2026-09-30T23:09:19.680Z
View all 14 flagship editions →,SaaStock,SaaStock,saas_conference,https://www.saastock.com/,Public event activity,View all 14 flagship editions → appeared on SaaStock,2026-09-30T23:09:19.680Z
Speakers,SaaStock,SaaStock,saas_conference,https://www.saastock.com/,Public event activity,Speakers appeared on SaaStock,2026-09-30T23:09:19.680Z
"David Heinemeier Hansson Founder & CTO, Basecamp",SaaStock,SaaStock,saas_conference,https://www.saastock.com/,Public event activity,"David Heinemeier Hansson Founder & CTO, Basecamp appeared on SaaStock",2026-09-30T23:09:19.680Z
"Des Traynor Co-founder & CSO, Intercom",SaaStock,SaaStock,saas_conference,https://www.saastock.com/,Public event activity,"Des Traynor Co-founder & CSO, Intercom appeared on SaaStock",2026-09-30T23:09:19.680Z
"Andrey Khusid Co-Founder & CEO, Miro",SaaStock,SaaStock,saas_conference,https://www.saastock.com/,Public event activity,"Andrey Khusid Co-Founder & CEO, Miro appeared on SaaStock",2026-09-30T23:09:19.680Z
"Godard Abel Co-Founder & CEO, G2",SaaStock,SaaStock,saas_conference,https://www.saastock.com/,Public event activity,"Godard Abel Co-Founder & CEO, G2 appeared on SaaStock",2026-09-30T23:09:19.680Z
"Cristina Fonseca Co-Founder, Talkdesk",SaaStock,SaaStock,saas_conference,https://www.saastock.com/,Public event activity,"Cristina Fonseca Co-Founder, Talkdesk appeared on SaaStock",2026-09-30T23:09:19.680Z
"Ryan Smith CEO & Co-Founder, Qualtrics",SaaStock,SaaStock,saas_conference,https://www.saastock.com/,Public event activity,"Ryan Smith CEO & Co-Founder, Qualtrics appeared on SaaStock",2026-09-30T23:09:19.680Z
"Krish Subramanian Co-founder & CEO, Chargebee",SaaStock,SaaStock,saas_conference,https://www.saastock.com/,Public event activity,"Krish Subramanian Co-founder & CEO, Chargebee appeared on SaaStock",2026-09-30T23:09:19.680Z
"Jason Cohen Founder, WP Engine",SaaStock,SaaStock,saas_conference,https://www.saastock.com/,Public event activity,"Jason Cohen Founder, WP Engine appeared on SaaStock",2026-09-30T23:09:19.680Z
"Kieran Flanagan SVP Marketing & Growth, HubSpot",SaaStock,SaaStock,saas_conference,https://www.saastock.com/,Public event activity,"Kieran Flanagan SVP Marketing & Growth, HubSpot appeared on SaaStock",2026-09-30T23:09:19.680Z
"Tope Awotona CEO & Founder, Calendly",SaaStock,SaaStock,saas_conference,https://www.saastock.com/,Public event activity,"Tope Awotona CEO & Founder, Calendly appeared on SaaStock",2026-09-30T23:09:19.680Z
"Jonathan Anguelov Co-founder, Aircall",SaaStock,SaaStock,saas_conference,https://www.saastock.com/,Public event activity,"Jonathan Anguelov Co-founder, Aircall appeared on SaaStock",2026-09-30T23:09:19.680Z
"Amir Orad Executive Chairman, Sisense",SaaStock,SaaStock,saas_conference,https://www.saastock.com/,Public event activity,"Amir Orad Executive Chairman, Sisense appeared on SaaStock",2026-09-30T23:09:19.680Z
Christian Owens Paddle,SaaStock,SaaStock,saas_conference,https://www.saastock.com/,Public event activity,Christian Owens Paddle appeared on SaaStock,2026-09-30T23:09:19.680Z
"Gregory Galant Co-founder & CEO, Muck Rack",SaaStock,SaaStock,saas_conference,https://www.saastock.com/,Public event activity,"Gregory Galant Co-founder & CEO, Muck Rack appeared on SaaStock",2026-09-30T23:09:19.680Z
"David Karandish Founder & CEO, Capacity.ai",SaaStock,SaaStock,saas_conference,https://www.saastock.com/,Public event activity,"David Karandish Founder & CEO, Capacity.ai appeared on SaaStock",2026-09-30T23:09:19.680Z
"Howard Lerman Founder & CEO, Roam",SaaStock,SaaStock,saas_conference,https://www.saastock.com/,Public event activity,"Howard Lerman Founder & CEO, Roam appeared on SaaStock",2026-09-30T23:09:19.680Z
"Daniel Dines CEO & Co-founder, UiPath",SaaStock,SaaStock,saas_conference,https://www.saastock.com/,Public event activity,"Daniel Dines CEO & Co-founder, UiPath appeared on SaaStock",2026-09-30T23:09:19.680Z
"Martin Henk Co-Founder, Pipedrive",SaaStock,SaaStock,saas_conference,https://www.saastock.com/,Public event activity,"Martin Henk Co-Founder, Pipedrive appeared on SaaStock",2026-09-30T23:09:19.680Z
"Ronan Perceval CEO & Founder, Phorest",SaaStock,SaaStock,saas_conference,https://www.saastock.com/,Public event activity,"Ronan Perceval CEO & Founder, Phorest appeared on SaaStock",2026-09-30T23:09:19.680Z
"David Okuniev Co-Founder & Joint CEO, Typeform",SaaStock,SaaStock,saas_conference,https://www.saastock.com/,Public event activity,"David Okuniev Co-Founder & Joint CEO, Typeform appeared on SaaStock",2026-09-30T23:09:19.680Z
"Philippe Botteri Partner, Accel",SaaStock,SaaStock,saas_conference,https://www.saastock.com/,Public event activity,"Philippe Botteri Partner, Accel appeared on SaaStock",2026-09-30T23:09:19.680Z
"Nicolas Wittenborn Investor, Insight Venture Partners",SaaStock,SaaStock,saas_conference,https://www.saastock.com/,Public event activity,"Nicolas Wittenborn Investor, Insight Venture Partners appeared on SaaStock",2026-09-30T23:09:19.680Z
"Blake Bartlett Partner, OpenView Ventures",SaaStock,SaaStock,saas_conference,https://www.saastock.com/,Public event activity,"Blake Bartlett Partner, OpenView Ventures appeared on SaaStock",2026-09-30T23:09:19.680Z
"Luciana Lixandru Partner, Sequoia",SaaStock,SaaStock,saas_conference,https://www.saastock.com/,Public event activity,"Luciana Lixandru Partner, Sequoia appeared on SaaStock",2026-09-30T23:09:19.680Z
"Hannah Seal Partner, Index Ventures",SaaStock,SaaStock,saas_conference,https://www.saastock.com/,Public event activity,"Hannah Seal Partner, Index Ventures appeared on SaaStock",2026-09-30T23:09:19.680Z
"Mary D'Onofrio Partner, Bessemer Venture Partners",SaaStock,SaaStock,saas_conference,https://www.saastock.com/,Public event activity,"Mary D'Onofrio Partner, Bessemer Venture Partners appeared on SaaStock",2026-09-30T23:09:19.680Z
"Christoph Janz Co-founder & Partner, Point Nine Capital",SaaStock,SaaStock,saas_conference,https://www.saastock.com/,Public event activity,"Christoph Janz Co-founder & Partner, Point Nine Capital appeared on SaaStock",2026-09-30T23:09:19.680Z
"Edward Keelan Partner, Octopus Ventures",SaaStock,SaaStock,saas_conference,https://www.saastock.com/,Public event activity,"Edward Keelan Partner, Octopus Ventures appeared on SaaStock",2026-09-30T23:09:19.680Z
"Tomasz Tunguz General Partner, Theory Ventures",SaaStock,SaaStock,saas_conference,https://www.saastock.com/,Public event activity,"Tomasz Tunguz General Partner, Theory Ventures appeared on SaaStock",2026-09-30T23:09:19.680Z
"Sanjiv Kalevar Partner, OpenView",SaaStock,SaaStock,saas_conference,https://www.saastock.com/,Public event activity,"Sanjiv Kalevar Partner, OpenView appeared on SaaStock",2026-09-30T23:09:19.680Z
"James Wise Partner, Balderton Capital",SaaStock,SaaStock,saas_conference,https://www.saastock.com/,Public event activity,"James Wise Partner, Balderton Capital appeared on SaaStock",2026-09-30T23:09:19.680Z
"Dave Kellogg EIR, Balderton Capital",SaaStock,SaaStock,saas_conference,https://www.saastock.com/,Public event activity,"Dave Kellogg EIR, Balderton Capital appeared on SaaStock",2026-09-30T23:09:19.680Z
"David Skok General Partner, Matrix Partners",SaaStock,SaaStock,saas_conference,https://www.saastock.com/,Public event activity,"David Skok General Partner, Matrix Partners appeared on SaaStock",2026-09-30T23:09:19.680Z
"Ryan Floyd Founding Managing Director, Storm Ventures",SaaStock,SaaStock,saas_conference,https://www.saastock.com/,Public event activity,"Ryan Floyd Founding Managing Director, Storm Ventures appeared on SaaStock",2026-09-30T23:09:19.680Z
"Indy Guha Partner, Bain Capital Ventures",SaaStock,SaaStock,saas_conference,https://www.saastock.com/,Public event activity,"Indy Guha Partner, Bain Capital Ventures appeared on SaaStock",2026-09-30T23:09:19.680Z
"Alex Kayyal Partner, Salesforce Ventures",SaaStock,SaaStock,saas_conference,https://www.saastock.com/,Public event activity,"Alex Kayyal Partner, Salesforce Ventures appeared on SaaStock",2026-09-30T23:09:19.680Z
"Carl Fritjofsson General Partner, Creandum",SaaStock,SaaStock,saas_conference,https://www.saastock.com/,Public event activity,"Carl Fritjofsson General Partner, Creandum appeared on SaaStock",2026-09-30T23:09:19.680Z
"Liz Cain Partner, OpenView",SaaStock,SaaStock,saas_conference,https://www.saastock.com/,Public event activity,"Liz Cain Partner, OpenView appeared on SaaStock",2026-09-30T23:09:19.680Z
"Marcus Ryu Partner (Battery Ventures); Co-founder & former CEO, Battery Ventures / Guidewire",SaaStock,SaaStock,saas_conference,https://www.saastock.com/,Public event activity,"Marcus Ryu Partner (Battery Ventures); Co-founder & former CEO, Battery Ventures / Guidewire appeared on SaaStock",2026-09-30T23:09:19.680Z
"Máire O'Herlihy GTM, OpenAI",SaaStock,SaaStock,saas_conference,https://www.saastock.com/,Public event activity,"Máire O'Herlihy GTM, OpenAI appeared on SaaStock",2026-09-30T23:09:19.680Z
"Krish Ramineni CEO, Fireflies AI",SaaStock,SaaStock,saas_conference,https://www.saastock.com/,Public event activity,"Krish Ramineni CEO, Fireflies AI appeared on SaaStock",2026-09-30T23:09:19.680Z
"Dan Hobbs Co-founder & CEO, Protex AI",SaaStock,SaaStock,saas_conference,https://www.saastock.com/,Public event activity,"Dan Hobbs Co-founder & CEO, Protex AI appeared on SaaStock",2026-09-30T23:09:19.680Z
"Amanda Kahlow CEO, 1mind",SaaStock,SaaStock,saas_conference,https://www.saastock.com/,Public event activity,"Amanda Kahlow CEO, 1mind appeared on SaaStock",2026-09-30T23:09:19.680Z
"Marty Kausas Co-Founder & CEO, Pylon",SaaStock,SaaStock,saas_conference,https://www.saastock.com/,Public event activity,"Marty Kausas Co-Founder & CEO, Pylon appeared on SaaStock",2026-09-30T23:09:19.680Z
"Shailesh Chitnis Business Writer, The Economist",SaaStock,SaaStock,saas_conference,https://www.saastock.com/,Public event activity,"Shailesh Chitnis Business Writer, The Economist appeared on SaaStock",2026-09-30T23:09:19.680Z
"Iain Martin Europe News Editor, Forbes",SaaStock,SaaStock,saas_conference,https://www.saastock.com/,Public event activity,"Iain Martin Europe News Editor, Forbes appeared on SaaStock",2026-09-30T23:09:19.680Z
"Kyle Poyar CEO, Growth Unhinged",SaaStock,SaaStock,saas_conference,https://www.saastock.com/,Public event activity,"Kyle Poyar CEO, Growth Unhinged appeared on SaaStock",2026-09-30T23:09:19.680Z
"Laura Lorek Founder & Publisher, Silicon Hills News",SaaStock,SaaStock,saas_conference,https://www.saastock.com/,Public event activity,"Laura Lorek Founder & Publisher, Silicon Hills News appeared on SaaStock",2026-09-30T23:09:19.680Z
View all 693 speakers →,SaaStock,SaaStock,saas_conference,https://www.saastock.com/,Public event activity,View all 693 speakers → appeared on SaaStock,2026-09-30T23:09:19.680Z
Local Meetups,SaaStock,SaaStock,saas_conference,https://www.saastock.com/,Public event activity,Local Meetups appeared on SaaStock,2026-09-30T23:09:19.680Z
Amsterdam Tue Jun 9 · Past,SaaStock,SaaStock,saas_conference,https://www.saastock.com/,Public event activity,Amsterdam Tue Jun 9 · Past appeared on SaaStock,2026-09-30T23:09:19.680Z
Barcelona Thu Jun 11 · Past,SaaStock,SaaStock,saas_conference,https://www.saastock.com/,Public event activity,Barcelona Thu Jun 11 · Past appeared on SaaStock,2026-09-30T23:09:19.680Z
London Sat Jun 13 · Past,SaaStock,SaaStock,saas_conference,https://www.saastock.com/,Public event activity,London Sat Jun 13 · Past appeared on SaaStock,2026-09-30T23:09:19.680Z
Paris Mon Jun 15 · Past,SaaStock,SaaStock,saas_conference,https://www.saastock.com/,Public event activity,Paris Mon Jun 15 · Past appeared on SaaStock,2026-09-30T23:09:19.680Z
Amsterdam Netherlands,SaaStock,SaaStock,saas_conference,https://www.saastock.com/,Public event activity,Amsterdam Netherlands appeared on SaaStock,2026-09-30T23:09:19.680Z
Dublin Ireland,SaaStock,SaaStock,saas_conference,https://www.saastock.com/,Public event activity,Dublin Ireland appeared on SaaStock,2026-09-30T23:09:19.680Z
Houston United States,SaaStock,SaaStock,saas_conference,https://www.saastock.com/,Public event activity,Houston United States appeared on SaaStock,2026-09-30T23:09:19.680Z
Krakow Poland,SaaStock,SaaStock,saas_conference,https://www.saastock.com/,Public event activity,Krakow Poland appeared on SaaStock,2026-09-30T23:09:19.680Z
London United Kingdom,SaaStock,SaaStock,saas_conference,https://www.saastock.com/,Public event activity,London United Kingdom appeared on SaaStock,2026-09-30T23:09:19.680Z
Paris France,SaaStock,SaaStock,saas_conference,https://www.saastock.com/,Public event activity,Paris France appeared on SaaStock,2026-09-30T23:09:19.680Z
View all 18 SaaStock Local cities →,SaaStock,SaaStock,saas_conference,https://www.saastock.com/,Public event activity,View all 18 SaaStock Local cities → appeared on SaaStock,2026-09-30T23:09:19.680Z
Media,SaaStock,SaaStock,saas_conference,https://www.saastock.com/,Public event activity,Media appeared on SaaStock,2026-09-30T23:09:19.680Z
Media Hub,SaaStock,SaaStock,saas_conference,https://www.saastock.com/,Public event activity,Media Hub appeared on SaaStock,2026-09-30T23:09:19.680Z
SaaS Revolution Show Podcast,SaaStock,SaaStock,saas_conference,https://www.saastock.com/,Public event activity,SaaS Revolution Show Podcast appeared on SaaStock,2026-09-30T23:09:19.680Z
Product Market Fit,SaaStock,SaaStock,saas_conference,https://www.saastock.com/,Public event activity,Product Market Fit appeared on SaaStock,2026-09-30T23:09:19.680Z
eBooks,SaaStock,SaaStock,saas_conference,https://www.saastock.com/,Public event activity,eBooks appeared on SaaStock,2026-09-30T23:09:19.680Z
SaaStock Europe 2025,SaaStock,SaaStock,saas_conference,https://www.saastock.com/,Public event activity,SaaStock Europe 2025 appeared on SaaStock,2026-09-30T23:09:19.680Z
SaaStock Europe 2024,SaaStock,SaaStock,saas_conference,https://www.saastock.com/,Public event activity,SaaStock Europe 2024 appeared on SaaStock,2026-09-30T23:09:19.680Z
SaaStock Europe 2023,SaaStock,SaaStock,saas_conference,https://www.saastock.com/,Public event activity,SaaStock Europe 2023 appeared on SaaStock,2026-09-30T23:09:19.680Z
SaaStock Europe 2022,SaaStock,SaaStock,saas_conference,https://www.saastock.com/,Public event activity,SaaStock Europe 2022 appeared on SaaStock,2026-09-30T23:09:19.680Z
SaaStock USA 2026,SaaStock,SaaStock,saas_conference,https://www.saastock.com/,Public event activity,SaaStock USA 2026 appeared on SaaStock,2026-09-30T23:09:19.680Z
SaaStock USA 2025,SaaStock,SaaStock,saas_conference,https://www.saastock.com/,Public event activity,SaaStock USA 2025 appeared on SaaStock,2026-09-30T23:09:19.680Z
SaaStock USA 2024,SaaStock,SaaStock,saas_conference,https://www.saastock.com/,Public event activity,SaaStock USA 2024 appeared on SaaStock,2026-09-30T23:09:19.680Z
SaaStock USA 2023,SaaStock,SaaStock,saas_conference,https://www.saastock.com/,Public event activity,SaaStock USA 2023 appeared on SaaStock,2026-09-30T23:09:19.680Z
David Heinemeier Hansson,SaaStock,SaaStock,saas_conference,https://www.saastock.com/,Public event activity,David Heinemeier Hansson appeared on SaaStock,2026-09-30T23:09:19.680Z
Des Traynor,SaaStock,SaaStock,saas_conference,https://www.saastock.com/,Public event activity,Des Traynor appeared on SaaStock,2026-09-30T23:09:19.680Z
Andrey Khusid,SaaStock,SaaStock,saas_conference,https://www.saastock.com/,Public event activity,Andrey Khusid appeared on SaaStock,2026-09-30T23:09:19.680Z
Godard Abel,SaaStock,SaaStock,saas_conference,https://www.saastock.com/,Public event activity,Godard Abel appeared on SaaStock,2026-09-30T23:09:19.680Z
Cristina Fonseca,SaaStock,SaaStock,saas_conference,https://www.saastock.com/,Public event activity,Cristina Fonseca appeared on SaaStock,2026-09-30T23:09:19.680Z
Ryan Smith,SaaStock,SaaStock,saas_conference,https://www.saastock.com/,Public event activity,Ryan Smith appeared on SaaStock,2026-09-30T23:09:19.680Z
Philippe Botteri,SaaStock,SaaStock,saas_conference,https://www.saastock.com/,Public event activity,Philippe Botteri appeared on SaaStock,2026-09-30T23:09:19.680Z
Nicolas Wittenborn,SaaStock,SaaStock,saas_conference,https://www.saastock.com/,Public event activity,Nicolas Wittenborn appeared on SaaStock,2026-09-30T23:09:19.680Z
Blake Bartlett,SaaStock,SaaStock,saas_conference,https://www.saastock.com/,Public event activity,Blake Bartlett appeared on SaaStock,2026-09-30T23:09:19.680Z
Luciana Lixandru,SaaStock,SaaStock,saas_conference,https://www.saastock.com/,Public event activity,Luciana Lixandru appeared on SaaStock,2026-09-30T23:09:19.680Z
Hannah Seal,SaaStock,SaaStock,saas_conference,https://www.saastock.com/,Public event activity,Hannah Seal appeared on SaaStock,2026-09-30T23:09:19.680Z
Mary D'Onofrio,SaaStock,SaaStock,saas_conference,https://www.saastock.com/,Public event activity,Mary D'Onofrio appeared on SaaStock,2026-09-30T23:09:19.680Z
Amsterdam · Tue Jun 9,SaaStock,SaaStock,saas_conference,https://www.saastock.com/,Public event activity,Amsterdam · Tue Jun 9 appeared on SaaStock,2026-09-30T23:09:19.680Z
Barcelona · Thu Jun 11,SaaStock,SaaStock,saas_conference,https://www.saastock.com/,Public event activity,Barcelona · Thu Jun 11 appeared on SaaStock,2026-09-30T23:09:19.680Z
London · Sat Jun 13,SaaStock,SaaStock,saas_conference,https://www.saastock.com/,Public event activity,London · Sat Jun 13 appeared on SaaStock,2026-09-30T23:09:19.680Z
Paris · Mon Jun 15,SaaStock,SaaStock,saas_conference,https://www.saastock.com/,Public event activity,Paris · Mon Jun 15 appeared on SaaStock,2026-09-30T23:09:19.680Z
Amsterdam,SaaStock,SaaStock,saas_conference,https://www.saastock.com/,Public event activity,Amsterdam appeared on SaaStock,2026-09-30T23:09:19.680Z
Dublin,SaaStock,SaaStock,saas_conference,https://www.saastock.com/,Public event activity,Dublin appeared on SaaStock,2026-09-30T23:09:19.680Z
Houston,SaaStock,SaaStock,saas_conference,https://www.saastock.com/,Public event activity,Houston appeared on SaaStock,2026-09-30T23:09:19.680Z
Krakow,SaaStock,SaaStock,saas_conference,https://www.saastock.com/,Public event activity,Krakow appeared on SaaStock,2026-09-30T23:09:19.680Z
London,SaaStock,SaaStock,saas_conference,https://www.saastock.com/,Public event activity,London appeared on SaaStock,2026-09-30T23:09:19.680Z
Paris,SaaStock,SaaStock,saas_conference,https://www.saastock.com/,Public event activity,Paris appeared on SaaStock,2026-09-30T23:09:19.680Z
"Europe · 2016 Dublin 2016 Dublin , Ireland Sep 22, 2016 643 attendees",SaaStock,SaaStock,saas_conference,https://www.saastock.com/,Public event activity,"Europe · 2016 Dublin 2016 Dublin , Ireland Sep 22, 2016 643 attendees appeared on SaaStock",2026-09-30T23:09:19.680Z
"Europe · 2017 Dublin 2017 Dublin , Ireland Sep 20, 2017 1,364 attendees",SaaStock,SaaStock,saas_conference,https://www.saastock.com/,Public event activity,"Europe · 2017 Dublin 2017 Dublin , Ireland Sep 20, 2017 1,364 attendees appeared on SaaStock",2026-09-30T23:09:19.680Z
"Europe · 2018 Dublin 2018 Dublin , Ireland Oct 15–17, 2018 2,409 attendees",SaaStock,SaaStock,saas_conference,https://www.saastock.com/,Public event activity,"Europe · 2018 Dublin 2018 Dublin , Ireland Oct 15–17, 2018 2,409 attendees appeared on SaaStock",2026-09-30T23:09:19.680Z
"Europe · 2019 Dublin 2019 Dublin , Ireland Oct 14–16, 2019 2,500 attendees",SaaStock,SaaStock,saas_conference,https://www.saastock.com/,Public event activity,"Europe · 2019 Dublin 2019 Dublin , Ireland Oct 14–16, 2019 2,500 attendees appeared on SaaStock",2026-09-30T23:09:19.680Z
"Europe · 2020 Remote 2020 Online Jun 10–11, 2020 2,500 attendees · 160 speakers",SaaStock,SaaStock,saas_conference,https://www.saastock.com/,Public event activity,"Europe · 2020 Remote 2020 Online Jun 10–11, 2020 2,500 attendees · 160 speakers appeared on SaaStock",2026-09-30T23:09:19.680Z
Europe · 2021 EMEA Online 2021 Online 2021 Attendee count not on file · 60 speakers,SaaStock,SaaStock,saas_conference,https://www.saastock.com/,Public event activity,Europe · 2021 EMEA Online 2021 Online 2021 Attendee count not on file · 60 speakers appeared on SaaStock,2026-09-30T23:09:19.680Z
"Europe · 2022 Dublin 2022 Dublin , Ireland Oct 17–19, 2022 3,510 attendees",SaaStock,SaaStock,saas_conference,https://www.saastock.com/,Public event activity,"Europe · 2022 Dublin 2022 Dublin , Ireland Oct 17–19, 2022 3,510 attendees appeared on SaaStock",2026-09-30T23:09:19.680Z
"Europe · 2023 Dublin 2023 Dublin , Ireland Oct 16–18, 2023 3,521 attendees · 164 speakers",SaaStock,SaaStock,saas_conference,https://www.saastock.com/,Public event activity,"Europe · 2023 Dublin 2023 Dublin , Ireland Oct 16–18, 2023 3,521 attendees · 164 speakers appeared on SaaStock",2026-09-30T23:09:19.680Z
"USA · 2023 Austin 2023 Austin , USA May 31 – Jun 2, 2023 776 attendees · 56 speakers",SaaStock,SaaStock,saas_conference,https://www.saastock.com/,Public event activity,"USA · 2023 Austin 2023 Austin , USA May 31 – Jun 2, 2023 776 attendees · 56 speakers appeared on SaaStock",2026-09-30T23:09:19.680Z
"Europe · 2024 Dublin 2024 Dublin , Ireland Oct 14–16, 2024 3,119 attendees · 155 speakers",SaaStock,SaaStock,saas_conference,https://www.saastock.com/,Public event activity,"Europe · 2024 Dublin 2024 Dublin , Ireland Oct 14–16, 2024 3,119 attendees · 155 speakers appeared on SaaStock",2026-09-30T23:09:19.680Z
"USA · 2024 Austin 2024 Austin , USA May 13–15, 2024 1,194 attendees · 73 speakers",SaaStock,SaaStock,saas_conference,https://www.saastock.com/,Public event activity,"USA · 2024 Austin 2024 Austin , USA May 13–15, 2024 1,194 attendees · 73 speakers appeared on SaaStock",2026-09-30T23:09:19.680Z
"Europe · 2025 Dublin 2025 Dublin , Ireland Oct 13–15, 2025 1,680 attendees · 83 speakers",SaaStock,SaaStock,saas_conference,https://www.saastock.com/,Public event activity,"Europe · 2025 Dublin 2025 Dublin , Ireland Oct 13–15, 2025 1,680 attendees · 83 speakers appeared on SaaStock",2026-09-30T23:09:19.680Z
"USA · 2025 Austin 2025 Austin , USA May 13–14, 2025 1,376 attendees · 81 speakers",SaaStock,SaaStock,saas_conference,https://www.saastock.com/,Public event activity,"USA · 2025 Austin 2025 Austin , USA May 13–14, 2025 1,376 attendees · 81 speakers appeared on SaaStock",2026-09-30T23:09:19.680Z
"USA · 2026 Austin 2026 Austin , USA Apr 15–16, 2026 935 attendees · 57 speakers",SaaStock,SaaStock,saas_conference,https://www.saastock.com/,Public event activity,"USA · 2026 Austin 2026 Austin , USA Apr 15–16, 2026 935 attendees · 57 speakers appeared on SaaStock",2026-09-30T23:09:19.680Z
SpeakerOps,SaaStock,SaaStock,saas_conference,https://www.saastock.com/,Public event activity,SpeakerOps appeared on SaaStock,2026-09-30T23:09:19.680Z
"David Heinemeier Hansson Founder & CTO , Basecamp 1 SaaStock appearance · 2020 – 2020",SaaStock,SaaStock,saas_conference,https://www.saastock.com/,Public event activity,"David Heinemeier Hansson Founder & CTO , Basecamp 1 SaaStock appearance · 2020 – 2020 appeared on SaaStock",2026-09-30T23:09:19.680Z
"Des Traynor Co-founder & CSO , Intercom 8 SaaStock appearance s · 2016 – 2024",SaaStock,SaaStock,saas_conference,https://www.saastock.com/,Public event activity,"Des Traynor Co-founder & CSO , Intercom 8 SaaStock appearance s · 2016 – 2024 appeared on SaaStock",2026-09-30T23:09:19.680Z
"Andrey Khusid Co-Founder & CEO , Miro 3 SaaStock appearance s · 2020 – 2023",SaaStock,SaaStock,saas_conference,https://www.saastock.com/,Public event activity,"Andrey Khusid Co-Founder & CEO , Miro 3 SaaStock appearance s · 2020 – 2023 appeared on SaaStock",2026-09-30T23:09:19.680Z
"Godard Abel Co-Founder & CEO , G2 12 SaaStock appearance s · 2019 – 2024",SaaStock,SaaStock,saas_conference,https://www.saastock.com/,Public event activity,"Godard Abel Co-Founder & CEO , G2 12 SaaStock appearance s · 2019 – 2024 appeared on SaaStock",2026-09-30T23:09:19.680Z
"Cristina Fonseca Co-Founder , Talkdesk 2 SaaStock appearance s · 2016 – 2017",SaaStock,SaaStock,saas_conference,https://www.saastock.com/,Public event activity,"Cristina Fonseca Co-Founder , Talkdesk 2 SaaStock appearance s · 2016 – 2017 appeared on SaaStock",2026-09-30T23:09:19.680Z
"Ryan Smith CEO & Co-Founder , Qualtrics 1 SaaStock appearance · 2017 – 2017",SaaStock,SaaStock,saas_conference,https://www.saastock.com/,Public event activity,"Ryan Smith CEO & Co-Founder , Qualtrics 1 SaaStock appearance · 2017 – 2017 appeared on SaaStock",2026-09-30T23:09:19.680Z
"Krish Subramanian Co-founder & CEO , Chargebee 6 SaaStock appearance s · 2016 – 2024",SaaStock,SaaStock,saas_conference,https://www.saastock.com/,Public event activity,"Krish Subramanian Co-founder & CEO , Chargebee 6 SaaStock appearance s · 2016 – 2024 appeared on SaaStock",2026-09-30T23:09:19.680Z
"Jason Cohen Founder , WP Engine 6 SaaStock appearance s · 2023 – 2025",SaaStock,SaaStock,saas_conference,https://www.saastock.com/,Public event activity,"Jason Cohen Founder , WP Engine 6 SaaStock appearance s · 2023 – 2025 appeared on SaaStock",2026-09-30T23:09:19.680Z
"Kieran Flanagan SVP Marketing & Growth , HubSpot 5 SaaStock appearance s · 2016 – 2025",SaaStock,SaaStock,saas_conference,https://www.saastock.com/,Public event activity,"Kieran Flanagan SVP Marketing & Growth , HubSpot 5 SaaStock appearance s · 2016 – 2025 appeared on SaaStock",2026-09-30T23:09:19.680Z
"Tope Awotona CEO & Founder , Calendly 2 SaaStock appearance s · 2017 – 2021",SaaStock,SaaStock,saas_conference,https://www.saastock.com/,Public event activity,"Tope Awotona CEO & Founder , Calendly 2 SaaStock appearance s · 2017 – 2021 appeared on SaaStock",2026-09-30T23:09:19.680Z
"Jonathan Anguelov Co-founder , Aircall 3 SaaStock appearance s · 2017 – 2023",SaaStock,SaaStock,saas_conference,https://www.saastock.com/,Public event activity,"Jonathan Anguelov Co-founder , Aircall 3 SaaStock appearance s · 2017 – 2023 appeared on SaaStock",2026-09-30T23:09:19.680Z
"Amir Orad Executive Chairman , Sisense 1 SaaStock appearance · 2023 – 2023",SaaStock,SaaStock,saas_conference,https://www.saastock.com/,Public event activity,"Amir Orad Executive Chairman , Sisense 1 SaaStock appearance · 2023 – 2023 appeared on SaaStock",2026-09-30T23:09:19.680Z
Christian Owens Paddle 1 SaaStock appearance · 2023 – 2023,SaaStock,SaaStock,saas_conference,https://www.saastock.com/,Public event activity,Christian Owens Paddle 1 SaaStock appearance · 2023 – 2023 appeared on SaaStock,2026-09-30T23:09:19.680Z
"Gregory Galant Co-founder & CEO , Muck Rack 2 SaaStock appearance s · 2023 – 2023",SaaStock,SaaStock,saas_conference,https://www.saastock.com/,Public event activity,"Gregory Galant Co-founder & CEO , Muck Rack 2 SaaStock appearance s · 2023 – 2023 appeared on SaaStock",2026-09-30T23:09:19.680Z
"David Karandish Founder & CEO , Capacity.ai 1 SaaStock appearance · 2025 – 2025",SaaStock,SaaStock,saas_conference,https://www.saastock.com/,Public event activity,"David Karandish Founder & CEO , Capacity.ai 1 SaaStock appearance · 2025 – 2025 appeared on SaaStock",2026-09-30T23:09:19.680Z
"Howard Lerman Founder & CEO , Roam 2 SaaStock appearance s · 2024 – 2024",SaaStock,SaaStock,saas_conference,https://www.saastock.com/,Public event activity,"Howard Lerman Founder & CEO , Roam 2 SaaStock appearance s · 2024 – 2024 appeared on SaaStock",2026-09-30T23:09:19.680Z
"Daniel Dines CEO & Co-founder , UiPath 1 SaaStock appearance · 2020 – 2020",SaaStock,SaaStock,saas_conference,https://www.saastock.com/,Public event activity,"Daniel Dines CEO & Co-founder , UiPath 1 SaaStock appearance · 2020 – 2020 appeared on SaaStock",2026-09-30T23:09:19.680Z
"Martin Henk Co-Founder , Pipedrive 2 SaaStock appearance s · 2016 – 2017",SaaStock,SaaStock,saas_conference,https://www.saastock.com/,Public event activity,"Martin Henk Co-Founder , Pipedrive 2 SaaStock appearance s · 2016 – 2017 appeared on SaaStock",2026-09-30T23:09:19.680Z
"Ronan Perceval CEO & Founder , Phorest 2 SaaStock appearance s · 2017 – 2024",SaaStock,SaaStock,saas_conference,https://www.saastock.com/,Public event activity,"Ronan Perceval CEO & Founder , Phorest 2 SaaStock appearance s · 2017 – 2024 appeared on SaaStock",2026-09-30T23:09:19.680Z
"David Okuniev Co-Founder & Joint CEO , Typeform 1 SaaStock appearance · 2016 – 2016",SaaStock,SaaStock,saas_conference,https://www.saastock.com/,Public event activity,"David Okuniev Co-Founder & Joint CEO , Typeform 1 SaaStock appearance · 2016 – 2016 appeared on SaaStock",2026-09-30T23:09:19.680Z
"Zeb Evans CEO & Founder , ClickUp 1 SaaStock appearance · 2022 – 2022",SaaStock,SaaStock,saas_conference,https://www.saastock.com/,Public event activity,"Zeb Evans CEO & Founder , ClickUp 1 SaaStock appearance · 2022 – 2022 appeared on SaaStock",2026-09-30T23:09:19.680Z
"Nick Mehta CEO , Gainsight 1 SaaStock appearance · 2021 – 2021",SaaStock,SaaStock,saas_conference,https://www.saastock.com/,Public event activity,"Nick Mehta CEO , Gainsight 1 SaaStock appearance · 2021 – 2021 appeared on SaaStock",2026-09-30T23:09:19.680Z
"Henry Schuck CEO & Founder , ZoomInfo 2 SaaStock appearance s · 2020 – 2021",SaaStock,SaaStock,saas_conference,https://www.saastock.com/,Public event activity,"Henry Schuck CEO & Founder , ZoomInfo 2 SaaStock appearance s · 2020 – 2021 appeared on SaaStock",2026-09-30T23:09:19.680Z
"Savneet Singh CEO , PAR Technology 1 SaaStock appearance · 2025 – 2025",SaaStock,SaaStock,saas_conference,https://www.saastock.com/,Public event activity,"Savneet Singh CEO , PAR Technology 1 SaaStock appearance · 2025 – 2025 appeared on SaaStock",2026-09-30T23:09:19.680Z
"Manny Medina Co-founder and CEO , Paid 1 SaaStock appearance · 2025 – 2025",SaaStock,SaaStock,saas_conference,https://www.saastock.com/,Public event activity,"Manny Medina Co-founder and CEO , Paid 1 SaaStock appearance · 2025 – 2025 appeared on SaaStock",2026-09-30T23:09:19.680Z
"David Politis Founder & Executive Chairman , BetterCloud 3 SaaStock appearance s · 2024 – 2024",SaaStock,SaaStock,saas_conference,https://www.saastock.com/,Public event activity,"David Politis Founder & Executive Chairman , BetterCloud 3 SaaStock appearance s · 2024 – 2024 appeared on SaaStock",2026-09-30T23:09:19.680Z
"Alina Vandenberghe Co-Founder & Co-CEO , Chili Piper 2 SaaStock appearance s · 2022 – 2025",SaaStock,SaaStock,saas_conference,https://www.saastock.com/,Public event activity,"Alina Vandenberghe Co-Founder & Co-CEO , Chili Piper 2 SaaStock appearance s · 2022 – 2025 appeared on SaaStock",2026-09-30T23:09:19.680Z
"Guillaume Moubeche CEO , lempire 2 SaaStock appearance s · 2021 – 2024",SaaStock,SaaStock,saas_conference,https://www.saastock.com/,Public event activity,"Guillaume Moubeche CEO , lempire 2 SaaStock appearance s · 2021 – 2024 appeared on SaaStock",2026-09-30T23:09:19.680Z
"Job van der Voort CEO and Co-founder , Remote 3 SaaStock appearance s · 2024 – 2024",SaaStock,SaaStock,saas_conference,https://www.saastock.com/,Public event activity,"Job van der Voort CEO and Co-founder , Remote 3 SaaStock appearance s · 2024 – 2024 appeared on SaaStock",2026-09-30T23:09:19.680Z
"Avi Meir Co-Founder & CEO , TravelPerk 1 SaaStock appearance · 2022 – 2022",SaaStock,SaaStock,saas_conference,https://www.saastock.com/,Public event activity,"Avi Meir Co-Founder & CEO , TravelPerk 1 SaaStock appearance · 2022 – 2022 appeared on SaaStock",2026-09-30T23:09:19.680Z
"Colin Nederkoorn CEO , Customer.io 1 SaaStock appearance · 2026 – 2026",SaaStock,SaaStock,saas_conference,https://www.saastock.com/,Public event activity,"Colin Nederkoorn CEO , Customer.io 1 SaaStock appearance · 2026 – 2026 appeared on SaaStock",2026-09-30T23:09:19.680Z
"Jacqueline Samira Founder & CEO , Howdy.com 1 SaaStock appearance · 2026 – 2026",SaaStock,SaaStock,saas_conference,https://www.saastock.com/,Public event activity,"Jacqueline Samira Founder & CEO , Howdy.com 1 SaaStock appearance · 2026 – 2026 appeared on SaaStock",2026-09-30T23:09:19.680Z
"Luis Batalha Founder & CPO , Amplemarket 1 SaaStock appearance · 2025 – 2025",SaaStock,SaaStock,saas_conference,https://www.saastock.com/,Public event activity,"Luis Batalha Founder & CPO , Amplemarket 1 SaaStock appearance · 2025 – 2025 appeared on SaaStock",2026-09-30T23:09:19.680Z
"Mathilde Collin CEO & Co-Founder , Front 1 SaaStock appearance · 2020 – 2020",SaaStock,SaaStock,saas_conference,https://www.saastock.com/,Public event activity,"Mathilde Collin CEO & Co-Founder , Front 1 SaaStock appearance · 2020 – 2020 appeared on SaaStock",2026-09-30T23:09:19.680Z
"Matt Welle CEO , Mews 1 SaaStock appearance · 2023 – 2023",SaaStock,SaaStock,saas_conference,https://www.saastock.com/,Public event activity,"Matt Welle CEO , Mews 1 SaaStock appearance · 2023 – 2023 appeared on SaaStock",2026-09-30T23:09:19.680Z
"Nathan Barry Founder & CEO , ConvertKit 1 SaaStock appearance · 2017 – 2017",SaaStock,SaaStock,saas_conference,https://www.saastock.com/,Public event activity,"Nathan Barry Founder & CEO , ConvertKit 1 SaaStock appearance · 2017 – 2017 appeared on SaaStock",2026-09-30T23:09:19.680Z
"Steli Efti CEO & Co-Founder , Close.io 1 SaaStock appearance · 2017 – 2017",SaaStock,SaaStock,saas_conference,https://www.saastock.com/,Public event activity,"Steli Efti CEO & Co-Founder , Close.io 1 SaaStock appearance · 2017 – 2017 appeared on SaaStock",2026-09-30T23:09:19.680Z
"Peter Holten Mühlmann Founder & CEO , Trustpilot 1 SaaStock appearance · 2018 – 2018",SaaStock,SaaStock,saas_conference,https://www.saastock.com/,Public event activity,"Peter Holten Mühlmann Founder & CEO , Trustpilot 1 SaaStock appearance · 2018 – 2018 appeared on SaaStock",2026-09-30T23:09:19.680Z
"Máire O'Herlihy GTM , OpenAI 1 SaaStock appearance · 2025 – 2025",SaaStock,SaaStock,saas_conference,https://www.saastock.com/,Public event activity,"Máire O'Herlihy GTM , OpenAI 1 SaaStock appearance · 2025 – 2025 appeared on SaaStock",2026-09-30T23:09:19.680Z
"Krish Ramineni CEO , Fireflies AI 1 SaaStock appearance · 2026 – 2026",SaaStock,SaaStock,saas_conference,https://www.saastock.com/,Public event activity,"Krish Ramineni CEO , Fireflies AI 1 SaaStock appearance · 2026 – 2026 appeared on SaaStock",2026-09-30T23:09:19.680Z
"Dan Hobbs Co-founder & CEO , Protex AI 1 SaaStock appearance · 2025 – 2025",SaaStock,SaaStock,saas_conference,https://www.saastock.com/,Public event activity,"Dan Hobbs Co-founder & CEO , Protex AI 1 SaaStock appearance · 2025 – 2025 appeared on SaaStock",2026-09-30T23:09:19.680Z
"Amanda Kahlow CEO , 1mind 1 SaaStock appearance · 2026 – 2026",SaaStock,SaaStock,saas_conference,https://www.saastock.com/,Public event activity,"Amanda Kahlow CEO , 1mind 1 SaaStock appearance · 2026 – 2026 appeared on SaaStock",2026-09-30T23:09:19.680Z
"Marty Kausas Co-Founder & CEO , Pylon 1 SaaStock appearance · 2026 – 2026",SaaStock,SaaStock,saas_conference,https://www.saastock.com/,Public event activity,"Marty Kausas Co-Founder & CEO , Pylon 1 SaaStock appearance · 2026 – 2026 appeared on SaaStock",2026-09-30T23:09:19.680Z
"Philippe Botteri Partner , Accel 10 SaaStock appearance s · 2016 – 2024",SaaStock,SaaStock,saas_conference,https://www.saastock.com/,Public event activity,"Philippe Botteri Partner , Accel 10 SaaStock appearance s · 2016 – 2024 appeared on SaaStock",2026-09-30T23:09:19.680Z
"Nicolas Wittenborn Investor , Insight Venture Partners 2 SaaStock appearance s · 2016 – 2016",SaaStock,SaaStock,saas_conference,https://www.saastock.com/,Public event activity,"Nicolas Wittenborn Investor , Insight Venture Partners 2 SaaStock appearance s · 2016 – 2016 appeared on SaaStock",2026-09-30T23:09:19.680Z
"Blake Bartlett Partner , OpenView Ventures 1 SaaStock appearance · 2021 – 2021",SaaStock,SaaStock,saas_conference,https://www.saastock.com/,Public event activity,"Blake Bartlett Partner , OpenView Ventures 1 SaaStock appearance · 2021 – 2021 appeared on SaaStock",2026-09-30T23:09:19.680Z
"Luciana Lixandru Partner , Sequoia 1 SaaStock appearance · 2021 – 2021",SaaStock,SaaStock,saas_conference,https://www.saastock.com/,Public event activity,"Luciana Lixandru Partner , Sequoia 1 SaaStock appearance · 2021 – 2021 appeared on SaaStock",2026-09-30T23:09:19.680Z
"Hannah Seal Partner , Index Ventures 1 SaaStock appearance · 2024 – 2024",SaaStock,SaaStock,saas_conference,https://www.saastock.com/,Public event activity,"Hannah Seal Partner , Index Ventures 1 SaaStock appearance · 2024 – 2024 appeared on SaaStock",2026-09-30T23:09:19.680Z
"Mary D'Onofrio Partner , Bessemer Venture Partners 3 SaaStock appearance s · 2024 – 2024",SaaStock,SaaStock,saas_conference,https://www.saastock.com/,Public event activity,"Mary D'Onofrio Partner , Bessemer Venture Partners 3 SaaStock appearance s · 2024 – 2024 appeared on SaaStock",2026-09-30T23:09:19.680Z
"Christoph Janz Co-founder & Partner , Point Nine Capital 6 SaaStock appearance s · 2016 – 2023",SaaStock,SaaStock,saas_conference,https://www.saastock.com/,Public event activity,"Christoph Janz Co-founder & Partner , Point Nine Capital 6 SaaStock appearance s · 2016 – 2023 appeared on SaaStock",2026-09-30T23:09:19.680Z
"Edward Keelan Partner , Octopus Ventures 1 SaaStock appearance · 2023 – 2023",SaaStock,SaaStock,saas_conference,https://www.saastock.com/,Public event activity,"Edward Keelan Partner , Octopus Ventures 1 SaaStock appearance · 2023 – 2023 appeared on SaaStock",2026-09-30T23:09:19.680Z
"Tomasz Tunguz General Partner , Theory Ventures 3 SaaStock appearance s · 2024 – 2024",SaaStock,SaaStock,saas_conference,https://www.saastock.com/,Public event activity,"Tomasz Tunguz General Partner , Theory Ventures 3 SaaStock appearance s · 2024 – 2024 appeared on SaaStock",2026-09-30T23:09:19.680Z
"Sanjiv Kalevar Partner , OpenView 2 SaaStock appearance s · 2023 – 2023",SaaStock,SaaStock,saas_conference,https://www.saastock.com/,Public event activity,"Sanjiv Kalevar Partner , OpenView 2 SaaStock appearance s · 2023 – 2023 appeared on SaaStock",2026-09-30T23:09:19.680Z
"James Wise Partner , Balderton Capital 1 SaaStock appearance · 2016 – 2016",SaaStock,SaaStock,saas_conference,https://www.saastock.com/,Public event activity,"James Wise Partner , Balderton Capital 1 SaaStock appearance · 2016 – 2016 appeared on SaaStock",2026-09-30T23:09:19.680Z
"Dave Kellogg EIR , Balderton Capital 5 SaaStock appearance s · 2021 – 2023",SaaStock,SaaStock,saas_conference,https://www.saastock.com/,Public event activity,"Dave Kellogg EIR , Balderton Capital 5 SaaStock appearance s · 2021 – 2023 appeared on SaaStock",2026-09-30T23:09:19.680Z
"David Skok General Partner , Matrix Partners 1 SaaStock appearance · 2017 – 2017",SaaStock,SaaStock,saas_conference,https://www.saastock.com/,Public event activity,"David Skok General Partner , Matrix Partners 1 SaaStock appearance · 2017 – 2017 appeared on SaaStock",2026-09-30T23:09:19.680Z
"Ryan Floyd Founding Managing Director , Storm Ventures 4 SaaStock appearance s · 2023 – 2025",SaaStock,SaaStock,saas_conference,https://www.saastock.com/,Public event activity,"Ryan Floyd Founding Managing Director , Storm Ventures 4 SaaStock appearance s · 2023 – 2025 appeared on SaaStock",2026-09-30T23:09:19.680Z
"Indy Guha Partner , Bain Capital Ventures 2 SaaStock appearance s · 2017 – 2017",SaaStock,SaaStock,saas_conference,https://www.saastock.com/,Public event activity,"Indy Guha Partner , Bain Capital Ventures 2 SaaStock appearance s · 2017 – 2017 appeared on SaaStock",2026-09-30T23:09:19.680Z
"Alex Kayyal Partner , Salesforce Ventures 3 SaaStock appearance s · 2016 – 2019",SaaStock,SaaStock,saas_conference,https://www.saastock.com/,Public event activity,"Alex Kayyal Partner , Salesforce Ventures 3 SaaStock appearance s · 2016 – 2019 appeared on SaaStock",2026-09-30T23:09:19.680Z
"Carl Fritjofsson General Partner , Creandum 2 SaaStock appearance s · 2023 – 2023",SaaStock,SaaStock,saas_conference,https://www.saastock.com/,Public event activity,"Carl Fritjofsson General Partner , Creandum 2 SaaStock appearance s · 2023 – 2023 appeared on SaaStock",2026-09-30T23:09:19.680Z
"Liz Cain Partner , OpenView 2 SaaStock appearance s · 2017 – 2017",SaaStock,SaaStock,saas_conference,https://www.saastock.com/,Public event activity,"Liz Cain Partner , OpenView 2 SaaStock appearance s · 2017 – 2017 appeared on SaaStock",2026-09-30T23:09:19.680Z
"Shailesh Chitnis Business Writer , The Economist 2 SaaStock appearance s · 2024 – 2024",SaaStock,SaaStock,saas_conference,https://www.saastock.com/,Public event activity,"Shailesh Chitnis Business Writer , The Economist 2 SaaStock appearance s · 2024 – 2024 appeared on SaaStock",2026-09-30T23:09:19.680Z
"Iain Martin Europe News Editor , Forbes 1 SaaStock appearance · 2023 – 2023",SaaStock,SaaStock,saas_conference,https://www.saastock.com/,Public event activity,"Iain Martin Europe News Editor , Forbes 1 SaaStock appearance · 2023 – 2023 appeared on SaaStock",2026-09-30T23:09:19.680Z
"Kyle Poyar CEO , Growth Unhinged 3 SaaStock appearance s · 2023 – 2026",SaaStock,SaaStock,saas_conference,https://www.saastock.com/,Public event activity,"Kyle Poyar CEO , Growth Unhinged 3 SaaStock appearance s · 2023 – 2026 appeared on SaaStock",2026-09-30T23:09:19.680Z
"Laura Lorek Founder & Publisher , Silicon Hills News 1 SaaStock appearance · 2024 – 2024",SaaStock,SaaStock,saas_conference,https://www.saastock.com/,Public event activity,"Laura Lorek Founder & Publisher , Silicon Hills News 1 SaaStock appearance · 2024 – 2024 appeared on SaaStock",2026-09-30T23:09:19.680Z
All SaaStock speakers,SaaStock,SaaStock,saas_conference,https://www.saastock.com/,Public event activity,All SaaStock speakers appeared on SaaStock,2026-09-30T23:09:19.680Z
See the 2025 program,SaaStock,SaaStock,saas_conference,https://www.saastock.com/,Public event activity,See the 2025 program appeared on SaaStock,2026-09-30T23:09:19.680Z
See the 2026 agenda,SaaStock,SaaStock,saas_conference,https://www.saastock.com/,Public event activity,See the 2026 agenda appeared on SaaStock,2026-09-30T23:09:19.680Z
Get 2026 tickets,SaaStock,SaaStock,saas_conference,https://www.saastock.com/,Public event activity,Get 2026 tickets appeared on SaaStock,2026-09-30T23:09:19.680Z
SaaStock EMEA 2021,SaaStock,SaaStock,saas_conference,https://www.saastock.com/,Public event activity,SaaStock EMEA 2021 appeared on SaaStock,2026-09-30T23:09:19.680Z
SaaStock Remote 2020,SaaStock,SaaStock,saas_conference,https://www.saastock.com/,Public event activity,SaaStock Remote 2020 appeared on SaaStock,2026-09-30T23:09:19.680Z
SaaStock Europe 2019,SaaStock,SaaStock,saas_conference,https://www.saastock.com/,Public event activity,SaaStock Europe 2019 appeared on SaaStock,2026-09-30T23:09:19.680Z
SaaStock Europe 2018,SaaStock,SaaStock,saas_conference,https://www.saastock.com/,Public event activity,SaaStock Europe 2018 appeared on SaaStock,2026-09-30T23:09:19.680Z
SaaStock Europe 2017,SaaStock,SaaStock,saas_conference,https://www.saastock.com/,Public event activity,SaaStock Europe 2017 appeared on SaaStock,2026-09-30T23:09:19.680Z
SaaStock Europe 2016,SaaStock,SaaStock,saas_conference,https://www.saastock.com/,Public event activity,SaaStock Europe 2016 appeared on SaaStock,2026-09-30T23:09:19.680Z
All SaaStock events,SaaStock,SaaStock,saas_conference,https://www.saastock.com/,Public event activity,All SaaStock events appeared on SaaStock,2026-09-30T23:09:19.680Z
All SaaStock recordings,SaaStock,SaaStock,saas_conference,https://www.saastock.com/,Public event activity,All SaaStock recordings appeared on SaaStock,2026-09-30T23:09:19.680Z
SaaStock editorial,SaaStock,SaaStock,saas_conference,https://www.saastock.com/,Public event activity,SaaStock editorial appeared on SaaStock,2026-09-30T23:09:19.680Z
Podcast,SaaStock,SaaStock,saas_conference,https://www.saastock.com/,Public event activity,Podcast appeared on SaaStock,2026-09-30T23:09:19.680Z
Our Story: 2016–Today,SaaStock,SaaStock,saas_conference,https://www.saastock.com/,Public event activity,Our Story: 2016–Today appeared on SaaStock,2026-09-30T23:09:19.680Z
SaaStock Local — 18 Cities,SaaStock,SaaStock,saas_conference,https://www.saastock.com/,Public event activity,SaaStock Local — 18 Cities appeared on SaaStock,2026-09-30T23:09:19.680Z
SaaStock agents framework,SaaStock,SaaStock,saas_conference,https://www.saastock.com/,Public event activity,SaaStock agents framework appeared on SaaStock,2026-09-30T23:09:19.680Z
For LLMs · /llms.txt,SaaStock,SaaStock,saas_conference,https://www.saastock.com/,Public event activity,For LLMs · /llms.txt appeared on SaaStock,2026-09-30T23:09:19.680Z
Founder Membership,SaaStock,SaaStock,saas_conference,https://www.saastock.com/,Public event activity,Founder Membership appeared on SaaStock,2026-09-30T23:09:19.680Z
Blog,SaaStock,SaaStock,saas_conference,https://www.saastock.com/,Public event activity,Blog appeared on SaaStock,2026-09-30T23:09:19.680Z
Member Login,SaaStock,SaaStock,saas_conference,https://www.saastock.com/,Public event activity,Member Login appeared on SaaStock,2026-09-30T23:09:19.680Z
Careers,SaaStock,SaaStock,saas_conference,https://www.saastock.com/,Public event activity,Careers appeared on SaaStock,2026-09-30T23:09:19.680Z
Code of Conduct,SaaStock,SaaStock,saas_conference,https://www.saastock.com/,Public event activity,Code of Conduct appeared on SaaStock,2026-09-30T23:09:19.680Z
Instagram,SaaStock,SaaStock,saas_conference,https://www.saastock.com/,Public event activity,Instagram appeared on SaaStock,2026-09-30T23:09:19.680Z
LinkedIn,SaaStock,SaaStock,saas_conference,https://www.saastock.com/,Public event activity,LinkedIn appeared on SaaStock,2026-09-30T23:09:19.680Z
YouTube,SaaStock,SaaStock,saas_conference,https://www.saastock.com/,Public event activity,YouTube appeared on SaaStock,2026-09-30T23:09:19.680Z
SaaStock,SaaStock,SaaStock,saas_conference,https://www.saastock.com/,Public event activity,SaaStock appeared on SaaStock,2026-09-30T23:09:19.680Z
"Mainstage crowd at SaaStock Europe 2019, RDS Simmonscourt, Dublin — the inflatable-balloon set lit under truss lighting",SaaStock,SaaStock,saas_conference,https://www.saastock.com/,Public event activity,"Mainstage crowd at SaaStock Europe 2019, RDS Simmonscourt, Dublin — the inflatable-balloon set lit under truss lighting appeared on SaaStock",2026-09-30T23:09:19.680Z
Basecamp logo,SaaStock,SaaStock,saas_conference,https://www.saastock.com/,Public event activity,Basecamp logo appeared on SaaStock,2026-09-30T23:09:19.680Z
Intercom logo,SaaStock,SaaStock,saas_conference,https://www.saastock.com/,Public event activity,Intercom logo appeared on SaaStock,2026-09-30T23:09:19.680Z
Miro logo,SaaStock,SaaStock,saas_conference,https://www.saastock.com/,Public event activity,Miro logo appeared on SaaStock,2026-09-30T23:09:19.680Z
G2 logo,SaaStock,SaaStock,saas_conference,https://www.saastock.com/,Public event activity,G2 logo appeared on SaaStock,2026-09-30T23:09:19.680Z
Talkdesk logo,SaaStock,SaaStock,saas_conference,https://www.saastock.com/,Public event activity,Talkdesk logo appeared on SaaStock,2026-09-30T23:09:19.680Z
Qualtrics logo,SaaStock,SaaStock,saas_conference,https://www.saastock.com/,Public event activity,Qualtrics logo appeared on SaaStock,2026-09-30T23:09:19.680Z
Chargebee logo,SaaStock,SaaStock,saas_conference,https://www.saastock.com/,Public event activity,Chargebee logo appeared on SaaStock,2026-09-30T23:09:19.680Z
WP Engine logo,SaaStock,SaaStock,saas_conference,https://www.saastock.com/,Public event activity,WP Engine logo appeared on SaaStock,2026-09-30T23:09:19.680Z
HubSpot logo,SaaStock,SaaStock,saas_conference,https://www.saastock.com/,Public event activity,HubSpot logo appeared on SaaStock,2026-09-30T23:09:19.680Z
Calendly logo,SaaStock,SaaStock,saas_conference,https://www.saastock.com/,Public event activity,Calendly logo appeared on SaaStock,2026-09-30T23:09:19.680Z
Aircall logo,SaaStock,SaaStock,saas_conference,https://www.saastock.com/,Public event activity,Aircall logo appeared on SaaStock,2026-09-30T23:09:19.680Z
Sisense logo,SaaStock,SaaStock,saas_conference,https://www.saastock.com/,Public event activity,Sisense logo appeared on SaaStock,2026-09-30T23:09:19.680Z
Paddle logo,SaaStock,SaaStock,saas_conference,https://www.saastock.com/,Public event activity,Paddle logo appeared on SaaStock,2026-09-30T23:09:19.680Z
Muck Rack logo,SaaStock,SaaStock,saas_conference,https://www.saastock.com/,Public event activity,Muck Rack logo appeared on SaaStock,2026-09-30T23:09:19.680Z
Capacity.ai logo,SaaStock,SaaStock,saas_conference,https://www.saastock.com/,Public event activity,Capacity.ai logo appeared on SaaStock,2026-09-30T23:09:19.680Z
Roam logo,SaaStock,SaaStock,saas_conference,https://www.saastock.com/,Public event activity,Roam logo appeared on SaaStock,2026-09-30T23:09:19.680Z
UiPath logo,SaaStock,SaaStock,saas_conference,https://www.saastock.com/,Public event activity,UiPath logo appeared on SaaStock,2026-09-30T23:09:19.680Z
Pipedrive logo,SaaStock,SaaStock,saas_conference,https://www.saastock.com/,Public event activity,Pipedrive logo appeared on SaaStock,2026-09-30T23:09:19.680Z
Phorest logo,SaaStock,SaaStock,saas_conference,https://www.saastock.com/,Public event activity,Phorest logo appeared on SaaStock,2026-09-30T23:09:19.680Z
Typeform logo,SaaStock,SaaStock,saas_conference,https://www.saastock.com/,Public event activity,Typeform logo appeared on SaaStock,2026-09-30T23:09:19.680Z
ClickUp logo,SaaStock,SaaStock,saas_conference,https://www.saastock.com/,Public event activity,ClickUp logo appeared on SaaStock,2026-09-30T23:09:19.680Z
Gainsight logo,SaaStock,SaaStock,saas_conference,https://www.saastock.com/,Public event activity,Gainsight logo appeared on SaaStock,2026-09-30T23:09:19.680Z
ZoomInfo logo,SaaStock,SaaStock,saas_conference,https://www.saastock.com/,Public event activity,ZoomInfo logo appeared on SaaStock,2026-09-30T23:09:19.680Z
PAR Technology logo,SaaStock,SaaStock,saas_conference,https://www.saastock.com/,Public event activity,PAR Technology logo appeared on SaaStock,2026-09-30T23:09:19.680Z
Paid logo,SaaStock,SaaStock,saas_conference,https://www.saastock.com/,Public event activity,Paid logo appeared on SaaStock,2026-09-30T23:09:19.680Z
BetterCloud logo,SaaStock,SaaStock,saas_conference,https://www.saastock.com/,Public event activity,BetterCloud logo appeared on SaaStock,2026-09-30T23:09:19.680Z
Chili Piper logo,SaaStock,SaaStock,saas_conference,https://www.saastock.com/,Public event activity,Chili Piper logo appeared on SaaStock,2026-09-30T23:09:19.680Z
lempire logo,SaaStock,SaaStock,saas_conference,https://www.saastock.com/,Public event activity,lempire logo appeared on SaaStock,2026-09-30T23:09:19.680Z
Remote logo,SaaStock,SaaStock,saas_conference,https://www.saastock.com/,Public event activity,Remote logo appeared on SaaStock,2026-09-30T23:09:19.680Z
TravelPerk logo,SaaStock,SaaStock,saas_conference,https://www.saastock.com/,Public event activity,TravelPerk logo appeared on SaaStock,2026-09-30T23:09:19.680Z
Customer.io logo,SaaStock,SaaStock,saas_conference,https://www.saastock.com/,Public event activity,Customer.io logo appeared on SaaStock,2026-09-30T23:09:19.680Z
Howdy.com logo,SaaStock,SaaStock,saas_conference,https://www.saastock.com/,Public event activity,Howdy.com logo appeared on SaaStock,2026-09-30T23:09:19.680Z
Amplemarket logo,SaaStock,SaaStock,saas_conference,https://www.saastock.com/,Public event activity,Amplemarket logo appeared on SaaStock,2026-09-30T23:09:19.680Z
Front logo,SaaStock,SaaStock,saas_conference,https://www.saastock.com/,Public event activity,Front logo appeared on SaaStock,2026-09-30T23:09:19.680Z
Mews logo,SaaStock,SaaStock,saas_conference,https://www.saastock.com/,Public event activity,Mews logo appeared on SaaStock,2026-09-30T23:09:19.680Z
ConvertKit logo,SaaStock,SaaStock,saas_conference,https://www.saastock.com/,Public event activity,ConvertKit logo appeared on SaaStock,2026-09-30T23:09:19.680Z
Close.io logo,SaaStock,SaaStock,saas_conference,https://www.saastock.com/,Public event activity,Close.io logo appeared on SaaStock,2026-09-30T23:09:19.680Z
Trustpilot logo,SaaStock,SaaStock,saas_conference,https://www.saastock.com/,Public event activity,Trustpilot logo appeared on SaaStock,2026-09-30T23:09:19.680Z
OpenAI logo,SaaStock,SaaStock,saas_conference,https://www.saastock.com/,Public event activity,OpenAI logo appeared on SaaStock,2026-09-30T23:09:19.680Z
Fireflies AI logo,SaaStock,SaaStock,saas_conference,https://www.saastock.com/,Public event activity,Fireflies AI logo appeared on SaaStock,2026-09-30T23:09:19.680Z
Protex AI logo,SaaStock,SaaStock,saas_conference,https://www.saastock.com/,Public event activity,Protex AI logo appeared on SaaStock,2026-09-30T23:09:19.680Z
1mind logo,SaaStock,SaaStock,saas_conference,https://www.saastock.com/,Public event activity,1mind logo appeared on SaaStock,2026-09-30T23:09:19.680Z
Pylon logo,SaaStock,SaaStock,saas_conference,https://www.saastock.com/,Public event activity,Pylon logo appeared on SaaStock,2026-09-30T23:09:19.680Z
Accel logo,SaaStock,SaaStock,saas_conference,https://www.saastock.com/,Public event activity,Accel logo appeared on SaaStock,2026-09-30T23:09:19.680Z
Insight Venture Partners logo,SaaStock,SaaStock,saas_conference,https://www.saastock.com/,Public event activity,Insight Venture Partners logo appeared on SaaStock,2026-09-30T23:09:19.680Z
OpenView Ventures logo,SaaStock,SaaStock,saas_conference,https://www.saastock.com/,Public event activity,OpenView Ventures logo appeared on SaaStock,2026-09-30T23:09:19.680Z
Sequoia logo,SaaStock,SaaStock,saas_conference,https://www.saastock.com/,Public event activity,Sequoia logo appeared on SaaStock,2026-09-30T23:09:19.680Z
Index Ventures logo,SaaStock,SaaStock,saas_conference,https://www.saastock.com/,Public event activity,Index Ventures logo appeared on SaaStock,2026-09-30T23:09:19.680Z
Bessemer Venture Partners logo,SaaStock,SaaStock,saas_conference,https://www.saastock.com/,Public event activity,Bessemer Venture Partners logo appeared on SaaStock,2026-09-30T23:09:19.680Z
Point Nine Capital logo,SaaStock,SaaStock,saas_conference,https://www.saastock.com/,Public event activity,Point Nine Capital logo appeared on SaaStock,2026-09-30T23:09:19.680Z
Octopus Ventures logo,SaaStock,SaaStock,saas_conference,https://www.saastock.com/,Public event activity,Octopus Ventures logo appeared on SaaStock,2026-09-30T23:09:19.680Z
Theory Ventures logo,SaaStock,SaaStock,saas_conference,https://www.saastock.com/,Public event activity,Theory Ventures logo appeared on SaaStock,2026-09-30T23:09:19.680Z
OpenView logo,SaaStock,SaaStock,saas_conference,https://www.saastock.com/,Public event activity,OpenView logo appeared on SaaStock,2026-09-30T23:09:19.680Z
Balderton Capital logo,SaaStock,SaaStock,saas_conference,https://www.saastock.com/,Public event activity,Balderton Capital logo appeared on SaaStock,2026-09-30T23:09:19.680Z
Matrix Partners logo,SaaStock,SaaStock,saas_conference,https://www.saastock.com/,Public event activity,Matrix Partners logo appeared on SaaStock,2026-09-30T23:09:19.680Z
Storm Ventures logo,SaaStock,SaaStock,saas_conference,https://www.saastock.com/,Public event activity,Storm Ventures logo appeared on SaaStock,2026-09-30T23:09:19.680Z
Bain Capital Ventures logo,SaaStock,SaaStock,saas_conference,https://www.saastock.com/,Public event activity,Bain Capital Ventures logo appeared on SaaStock,2026-09-30T23:09:19.680Z
Salesforce Ventures logo,SaaStock,SaaStock,saas_conference,https://www.saastock.com/,Public event activity,Salesforce Ventures logo appeared on SaaStock,2026-09-30T23:09:19.680Z
Creandum logo,SaaStock,SaaStock,saas_conference,https://www.saastock.com/,Public event activity,Creandum logo appeared on SaaStock,2026-09-30T23:09:19.680Z
Battery Ventures / Guidewire logo,SaaStock,SaaStock,saas_conference,https://www.saastock.com/,Public event activity,Battery Ventures / Guidewire logo appeared on SaaStock,2026-09-30T23:09:19.680Z
The Economist logo,SaaStock,SaaStock,saas_conference,https://www.saastock.com/,Public event activity,The Economist logo appeared on SaaStock,2026-09-30T23:09:19.680Z
Forbes logo,SaaStock,SaaStock,saas_conference,https://www.saastock.com/,Public event activity,Forbes logo appeared on SaaStock,2026-09-30T23:09:19.680Z
Growth Unhinged logo,SaaStock,SaaStock,saas_conference,https://www.saastock.com/,Public event activity,Growth Unhinged logo appeared on SaaStock,2026-09-30T23:09:19.680Z
Founderpath logo,SaaStock,SaaStock,saas_conference,https://www.saastock.com/,Public event activity,Founderpath logo appeared on SaaStock,2026-09-30T23:09:19.680Z
Maxio logo,SaaStock,SaaStock,saas_conference,https://www.saastock.com/,Public event activity,Maxio logo appeared on SaaStock,2026-09-30T23:09:19.680Z
Deel logo,SaaStock,SaaStock,saas_conference,https://www.saastock.com/,Public event activity,Deel logo appeared on SaaStock,2026-09-30T23:09:19.680Z
Show logos in monochrome,SaaStock,SaaStock,saas_conference,https://www.saastock.com/,Public event activity,Show logos in monochrome appeared on SaaStock,2026-09-30T23:09:19.680Z
SaaStock home,SaaStock,SaaStock,saas_conference,https://www.saastock.com/,Public event activity,SaaStock home appeared on SaaStock,2026-09-30T23:09:19.680Z
Primary navigation,SaaStock,SaaStock,saas_conference,https://www.saastock.com/,Public event activity,Primary navigation appeared on SaaStock,2026-09-30T23:09:19.680Z
Open menu,SaaStock,SaaStock,saas_conference,https://www.saastock.com/,Public event activity,Open menu appeared on SaaStock,2026-09-30T23:09:19.680Z
Mobile navigation,SaaStock,SaaStock,saas_conference,https://www.saastock.com/,Public event activity,Mobile navigation appeared on SaaStock,2026-09-30T23:09:19.680Z
SaaStock — the AI conference for founders and operators building B2B software,SaaStock,SaaStock,saas_conference,https://www.saastock.com/,Public event activity,SaaStock — the AI conference for founders and operators building B2B software appeared on SaaStock,2026-09-30T23:09:19.680Z
"SaaStock by the numbers, 2016–2026",SaaStock,SaaStock,saas_conference,https://www.saastock.com/,Public event activity,"SaaStock by the numbers, 2016–2026 appeared on SaaStock",2026-09-30T23:09:19.680Z
"The SaaStock archive — 14 editions, 2016–2026",SaaStock,SaaStock,saas_conference,https://www.saastock.com/,Public event activity,"The SaaStock archive — 14 editions, 2016–2026 appeared on SaaStock",2026-09-30T23:09:19.680Z
Most-featured SaaStock speakers,SaaStock,SaaStock,saas_conference,https://www.saastock.com/,Public event activity,Most-featured SaaStock speakers appeared on SaaStock,2026-09-30T23:09:19.680Z
AI at SaaStock,SaaStock,SaaStock,saas_conference,https://www.saastock.com/,Public event activity,AI at SaaStock appeared on SaaStock,2026-09-30T23:09:19.680Z
Most-committed SaaStock sponsors,SaaStock,SaaStock,saas_conference,https://www.saastock.com/,Public event activity,Most-committed SaaStock sponsors appeared on SaaStock,2026-09-30T23:09:19.680Z
Join SaaStock,SaaStock,SaaStock,saas_conference,https://www.saastock.com/,Public event activity,Join SaaStock appeared on SaaStock,2026-09-30T23:09:19.680Z
Footer utility links,SaaStock,SaaStock,saas_conference,https://www.saastock.com/,Public event activity,Footer utility links appeared on SaaStock,2026-09-30T23:09:19.680Z
Is SaaStock an AI conference?,SaaStock,SaaStock,saas_conference,https://www.saastock.com/,Public event activity,Is SaaStock an AI conference? appeared on SaaStock,2026-09-30T23:09:19.680Z
Is SaaStock a SaaS conference or an AI conference?,SaaStock,SaaStock,saas_conference,https://www.saastock.com/,Public event activity,Is SaaStock a SaaS conference or an AI conference? appeared on SaaStock,2026-09-30T23:09:19.680Z
How many people attend SaaStock?,SaaStock,SaaStock,saas_conference,https://www.saastock.com/,Public event activity,How many people attend SaaStock? appeared on SaaStock,2026-09-30T23:09:19.680Z
Where is SaaStock held?,SaaStock,SaaStock,saas_conference,https://www.saastock.com/,Public event activity,Where is SaaStock held? appeared on SaaStock,2026-09-30T23:09:19.680Z
Who attends SaaStock?,SaaStock,SaaStock,saas_conference,https://www.saastock.com/,Public event activity,Who attends SaaStock? appeared on SaaStock,2026-09-30T23:09:19.680Z
When is SaaStock 2026?,SaaStock,SaaStock,saas_conference,https://www.saastock.com/,Public event activity,When is SaaStock 2026? appeared on SaaStock,2026-09-30T23:09:19.680Z
REGISTER HERE.,TechCrunch Disrupt,TechCrunch Disrupt,startup_conference,https://techcrunch.com/events/,Public event activity,REGISTER HERE. appeared on TechCrunch Disrupt,2026-09-30T23:09:19.680Z
TechCrunch Desktop Logo,TechCrunch Disrupt,TechCrunch Disrupt,startup_conference,https://techcrunch.com/events/,Public event activity,TechCrunch Desktop Logo appeared on TechCrunch Disrupt,2026-09-30T23:09:19.680Z
TechCrunch Mobile Logo,TechCrunch Disrupt,TechCrunch Disrupt,startup_conference,https://techcrunch.com/events/,Public event activity,TechCrunch Mobile Logo appeared on TechCrunch Disrupt,2026-09-30T23:09:19.680Z
Latest,TechCrunch Disrupt,TechCrunch Disrupt,startup_conference,https://techcrunch.com/events/,Public event activity,Latest appeared on TechCrunch Disrupt,2026-09-30T23:09:19.680Z
Startups,TechCrunch Disrupt,TechCrunch Disrupt,startup_conference,https://techcrunch.com/events/,Public event activity,Startups appeared on TechCrunch Disrupt,2026-09-30T23:09:19.680Z
Venture,TechCrunch Disrupt,TechCrunch Disrupt,startup_conference,https://techcrunch.com/events/,Public event activity,Venture appeared on TechCrunch Disrupt,2026-09-30T23:09:19.680Z
Apple,TechCrunch Disrupt,TechCrunch Disrupt,startup_conference,https://techcrunch.com/events/,Public event activity,Apple appeared on TechCrunch Disrupt,2026-09-30T23:09:19.680Z
Security,TechCrunch Disrupt,TechCrunch Disrupt,startup_conference,https://techcrunch.com/events/,Public event activity,Security appeared on TechCrunch Disrupt,2026-09-30T23:09:19.680Z
AI,TechCrunch Disrupt,TechCrunch Disrupt,startup_conference,https://techcrunch.com/events/,Public event activity,AI appeared on TechCrunch Disrupt,2026-09-30T23:09:19.680Z
Apps,TechCrunch Disrupt,TechCrunch Disrupt,startup_conference,https://techcrunch.com/events/,Public event activity,Apps appeared on TechCrunch Disrupt,2026-09-30T23:09:19.680Z
Disrupt 2026,TechCrunch Disrupt,TechCrunch Disrupt,startup_conference,https://techcrunch.com/events/,Public event activity,Disrupt 2026 appeared on TechCrunch Disrupt,2026-09-30T23:09:19.680Z
Events,TechCrunch Disrupt,TechCrunch Disrupt,startup_conference,https://techcrunch.com/events/,Public event activity,Events appeared on TechCrunch Disrupt,2026-09-30T23:09:19.680Z
Podcasts,TechCrunch Disrupt,TechCrunch Disrupt,startup_conference,https://techcrunch.com/events/,Public event activity,Podcasts appeared on TechCrunch Disrupt,2026-09-30T23:09:19.680Z
Newsletters,TechCrunch Disrupt,TechCrunch Disrupt,startup_conference,https://techcrunch.com/events/,Public event activity,Newsletters appeared on TechCrunch Disrupt,2026-09-30T23:09:19.680Z
Amazon,TechCrunch Disrupt,TechCrunch Disrupt,startup_conference,https://techcrunch.com/events/,Public event activity,Amazon appeared on TechCrunch Disrupt,2026-09-30T23:09:19.680Z
Biotech & Health,TechCrunch Disrupt,TechCrunch Disrupt,startup_conference,https://techcrunch.com/events/,Public event activity,Biotech & Health appeared on TechCrunch Disrupt,2026-09-30T23:09:19.680Z
Climate,TechCrunch Disrupt,TechCrunch Disrupt,startup_conference,https://techcrunch.com/events/,Public event activity,Climate appeared on TechCrunch Disrupt,2026-09-30T23:09:19.680Z
Cloud Computing,TechCrunch Disrupt,TechCrunch Disrupt,startup_conference,https://techcrunch.com/events/,Public event activity,Cloud Computing appeared on TechCrunch Disrupt,2026-09-30T23:09:19.680Z
Commerce,TechCrunch Disrupt,TechCrunch Disrupt,startup_conference,https://techcrunch.com/events/,Public event activity,Commerce appeared on TechCrunch Disrupt,2026-09-30T23:09:19.680Z
Crypto,TechCrunch Disrupt,TechCrunch Disrupt,startup_conference,https://techcrunch.com/events/,Public event activity,Crypto appeared on TechCrunch Disrupt,2026-09-30T23:09:19.680Z
Enterprise,TechCrunch Disrupt,TechCrunch Disrupt,startup_conference,https://techcrunch.com/events/,Public event activity,Enterprise appeared on TechCrunch Disrupt,2026-09-30T23:09:19.680Z
EVs,TechCrunch Disrupt,TechCrunch Disrupt,startup_conference,https://techcrunch.com/events/,Public event activity,EVs appeared on TechCrunch Disrupt,2026-09-30T23:09:19.680Z
Fintech,TechCrunch Disrupt,TechCrunch Disrupt,startup_conference,https://techcrunch.com/events/,Public event activity,Fintech appeared on TechCrunch Disrupt,2026-09-30T23:09:19.680Z
Fundraising,TechCrunch Disrupt,TechCrunch Disrupt,startup_conference,https://techcrunch.com/events/,Public event activity,Fundraising appeared on TechCrunch Disrupt,2026-09-30T23:09:19.680Z
Gadgets,TechCrunch Disrupt,TechCrunch Disrupt,startup_conference,https://techcrunch.com/events/,Public event activity,Gadgets appeared on TechCrunch Disrupt,2026-09-30T23:09:19.680Z
Gaming,TechCrunch Disrupt,TechCrunch Disrupt,startup_conference,https://techcrunch.com/events/,Public event activity,Gaming appeared on TechCrunch Disrupt,2026-09-30T23:09:19.680Z
Google,TechCrunch Disrupt,TechCrunch Disrupt,startup_conference,https://techcrunch.com/events/,Public event activity,Google appeared on TechCrunch Disrupt,2026-09-30T23:09:19.680Z
Government & Policy,TechCrunch Disrupt,TechCrunch Disrupt,startup_conference,https://techcrunch.com/events/,Public event activity,Government & Policy appeared on TechCrunch Disrupt,2026-09-30T23:09:19.680Z
Hardware,TechCrunch Disrupt,TechCrunch Disrupt,startup_conference,https://techcrunch.com/events/,Public event activity,Hardware appeared on TechCrunch Disrupt,2026-09-30T23:09:19.680Z
Instagram,TechCrunch Disrupt,TechCrunch Disrupt,startup_conference,https://techcrunch.com/events/,Public event activity,Instagram appeared on TechCrunch Disrupt,2026-09-30T23:09:19.680Z
Layoffs,TechCrunch Disrupt,TechCrunch Disrupt,startup_conference,https://techcrunch.com/events/,Public event activity,Layoffs appeared on TechCrunch Disrupt,2026-09-30T23:09:19.680Z
Media & Entertainment,TechCrunch Disrupt,TechCrunch Disrupt,startup_conference,https://techcrunch.com/events/,Public event activity,Media & Entertainment appeared on TechCrunch Disrupt,2026-09-30T23:09:19.680Z
Meta,TechCrunch Disrupt,TechCrunch Disrupt,startup_conference,https://techcrunch.com/events/,Public event activity,Meta appeared on TechCrunch Disrupt,2026-09-30T23:09:19.680Z
Microsoft,TechCrunch Disrupt,TechCrunch Disrupt,startup_conference,https://techcrunch.com/events/,Public event activity,Microsoft appeared on TechCrunch Disrupt,2026-09-30T23:09:19.680Z
Robotics,TechCrunch Disrupt,TechCrunch Disrupt,startup_conference,https://techcrunch.com/events/,Public event activity,Robotics appeared on TechCrunch Disrupt,2026-09-30T23:09:19.680Z
Social,TechCrunch Disrupt,TechCrunch Disrupt,startup_conference,https://techcrunch.com/events/,Public event activity,Social appeared on TechCrunch Disrupt,2026-09-30T23:09:19.680Z
Space,TechCrunch Disrupt,TechCrunch Disrupt,startup_conference,https://techcrunch.com/events/,Public event activity,Space appeared on TechCrunch Disrupt,2026-09-30T23:09:19.680Z
TikTok,TechCrunch Disrupt,TechCrunch Disrupt,startup_conference,https://techcrunch.com/events/,Public event activity,TikTok appeared on TechCrunch Disrupt,2026-09-30T23:09:19.680Z
Transportation,TechCrunch Disrupt,TechCrunch Disrupt,startup_conference,https://techcrunch.com/events/,Public event activity,Transportation appeared on TechCrunch Disrupt,2026-09-30T23:09:19.680Z
Staff,TechCrunch Disrupt,TechCrunch Disrupt,startup_conference,https://techcrunch.com/events/,Public event activity,Staff appeared on TechCrunch Disrupt,2026-09-30T23:09:19.680Z
Startup Battlefield,TechCrunch Disrupt,TechCrunch Disrupt,startup_conference,https://techcrunch.com/events/,Public event activity,Startup Battlefield appeared on TechCrunch Disrupt,2026-09-30T23:09:19.680Z
StrictlyVC,TechCrunch Disrupt,TechCrunch Disrupt,startup_conference,https://techcrunch.com/events/,Public event activity,StrictlyVC appeared on TechCrunch Disrupt,2026-09-30T23:09:19.680Z
Videos,TechCrunch Disrupt,TechCrunch Disrupt,startup_conference,https://techcrunch.com/events/,Public event activity,Videos appeared on TechCrunch Disrupt,2026-09-30T23:09:19.680Z
Partner Content,TechCrunch Disrupt,TechCrunch Disrupt,startup_conference,https://techcrunch.com/events/,Public event activity,Partner Content appeared on TechCrunch Disrupt,2026-09-30T23:09:19.680Z
TechCrunch Brand Studio,TechCrunch Disrupt,TechCrunch Disrupt,startup_conference,https://techcrunch.com/events/,Public event activity,TechCrunch Brand Studio appeared on TechCrunch Disrupt,2026-09-30T23:09:19.680Z
TechCrunch Disrupt 2026,TechCrunch Disrupt,TechCrunch Disrupt,startup_conference,https://techcrunch.com/events/,Public event activity,TechCrunch Disrupt 2026 appeared on TechCrunch Disrupt,2026-09-30T23:09:19.680Z
Register Now,TechCrunch Disrupt,TechCrunch Disrupt,startup_conference,https://techcrunch.com/events/,Public event activity,Register Now appeared on TechCrunch Disrupt,2026-09-30T23:09:19.680Z
Exhibit Now,TechCrunch Disrupt,TechCrunch Disrupt,startup_conference,https://techcrunch.com/events/,Public event activity,Exhibit Now appeared on TechCrunch Disrupt,2026-09-30T23:09:19.680Z
TechCrunch Founder Summit 2026,TechCrunch Disrupt,TechCrunch Disrupt,startup_conference,https://techcrunch.com/events/,Public event activity,TechCrunch Founder Summit 2026 appeared on TechCrunch Disrupt,2026-09-30T23:09:19.680Z
StrictlyVC NYC 2026,TechCrunch Disrupt,TechCrunch Disrupt,startup_conference,https://techcrunch.com/events/,Public event activity,StrictlyVC NYC 2026 appeared on TechCrunch Disrupt,2026-09-30T23:09:19.680Z
Stripe x Startup Battlefield,TechCrunch Disrupt,TechCrunch Disrupt,startup_conference,https://techcrunch.com/events/,Public event activity,Stripe x Startup Battlefield appeared on TechCrunch Disrupt,2026-09-30T23:09:19.680Z
StrictlyVC Los Angeles 2026,TechCrunch Disrupt,TechCrunch Disrupt,startup_conference,https://techcrunch.com/events/,Public event activity,StrictlyVC Los Angeles 2026 appeared on TechCrunch Disrupt,2026-09-30T23:09:19.680Z
VivaTech Innovation of the Year 2026,TechCrunch Disrupt,TechCrunch Disrupt,startup_conference,https://techcrunch.com/events/,Public event activity,VivaTech Innovation of the Year 2026 appeared on TechCrunch Disrupt,2026-09-30T23:09:19.680Z
StrictlyVC Athens 2026,TechCrunch Disrupt,TechCrunch Disrupt,startup_conference,https://techcrunch.com/events/,Public event activity,StrictlyVC Athens 2026 appeared on TechCrunch Disrupt,2026-09-30T23:09:19.680Z
StrictlyVC San Francisco 2026,TechCrunch Disrupt,TechCrunch Disrupt,startup_conference,https://techcrunch.com/events/,Public event activity,StrictlyVC San Francisco 2026 appeared on TechCrunch Disrupt,2026-09-30T23:09:19.680Z
TechCrunch + SusHi Tech Tokyo 2026,TechCrunch Disrupt,TechCrunch Disrupt,startup_conference,https://techcrunch.com/events/,Public event activity,TechCrunch + SusHi Tech Tokyo 2026 appeared on TechCrunch Disrupt,2026-09-30T23:09:19.680Z
StrictlyVC Palo Alto,TechCrunch Disrupt,TechCrunch Disrupt,startup_conference,https://techcrunch.com/events/,Public event activity,StrictlyVC Palo Alto appeared on TechCrunch Disrupt,2026-09-30T23:09:19.680Z
TechCrunch All Stage 2025,TechCrunch Disrupt,TechCrunch Disrupt,startup_conference,https://techcrunch.com/events/,Public event activity,TechCrunch All Stage 2025 appeared on TechCrunch Disrupt,2026-09-30T23:09:19.680Z
StrictlyVC Menlo Park,TechCrunch Disrupt,TechCrunch Disrupt,startup_conference,https://techcrunch.com/events/,Public event activity,StrictlyVC Menlo Park appeared on TechCrunch Disrupt,2026-09-30T23:09:19.680Z
Disrupt 2026:,TechCrunch Disrupt,TechCrunch Disrupt,startup_conference,https://techcrunch.com/events/,Public event activity,Disrupt 2026: appeared on TechCrunch Disrupt,2026-09-30T23:09:19.680Z
LinkedIn,TechCrunch Disrupt,TechCrunch Disrupt,startup_conference,https://techcrunch.com/events/,Public event activity,LinkedIn appeared on TechCrunch Disrupt,2026-09-30T23:09:19.680Z
Facebook,TechCrunch Disrupt,TechCrunch Disrupt,startup_conference,https://techcrunch.com/events/,Public event activity,Facebook appeared on TechCrunch Disrupt,2026-09-30T23:09:19.680Z
youTube,TechCrunch Disrupt,TechCrunch Disrupt,startup_conference,https://techcrunch.com/events/,Public event activity,youTube appeared on TechCrunch Disrupt,2026-09-30T23:09:19.680Z
Mastodon,TechCrunch Disrupt,TechCrunch Disrupt,startup_conference,https://techcrunch.com/events/,Public event activity,Mastodon appeared on TechCrunch Disrupt,2026-09-30T23:09:19.680Z
Threads,TechCrunch Disrupt,TechCrunch Disrupt,startup_conference,https://techcrunch.com/events/,Public event activity,Threads appeared on TechCrunch Disrupt,2026-09-30T23:09:19.680Z
Bluesky,TechCrunch Disrupt,TechCrunch Disrupt,startup_conference,https://techcrunch.com/events/,Public event activity,Bluesky appeared on TechCrunch Disrupt,2026-09-30T23:09:19.680Z
TechCrunch,TechCrunch Disrupt,TechCrunch Disrupt,startup_conference,https://techcrunch.com/events/,Public event activity,TechCrunch appeared on TechCrunch Disrupt,2026-09-30T23:09:19.680Z
Advertise,TechCrunch Disrupt,TechCrunch Disrupt,startup_conference,https://techcrunch.com/events/,Public event activity,Advertise appeared on TechCrunch Disrupt,2026-09-30T23:09:19.680Z
Site Map,TechCrunch Disrupt,TechCrunch Disrupt,startup_conference,https://techcrunch.com/events/,Public event activity,Site Map appeared on TechCrunch Disrupt,2026-09-30T23:09:19.680Z
RSS Terms of Use,TechCrunch Disrupt,TechCrunch Disrupt,startup_conference,https://techcrunch.com/events/,Public event activity,RSS Terms of Use appeared on TechCrunch Disrupt,2026-09-30T23:09:19.680Z
Code of Conduct,TechCrunch Disrupt,TechCrunch Disrupt,startup_conference,https://techcrunch.com/events/,Public event activity,Code of Conduct appeared on TechCrunch Disrupt,2026-09-30T23:09:19.680Z
OpenAI,TechCrunch Disrupt,TechCrunch Disrupt,startup_conference,https://techcrunch.com/events/,Public event activity,OpenAI appeared on TechCrunch Disrupt,2026-09-30T23:09:19.680Z
Hugging Face,TechCrunch Disrupt,TechCrunch Disrupt,startup_conference,https://techcrunch.com/events/,Public event activity,Hugging Face appeared on TechCrunch Disrupt,2026-09-30T23:09:19.680Z
Flock,TechCrunch Disrupt,TechCrunch Disrupt,startup_conference,https://techcrunch.com/events/,Public event activity,Flock appeared on TechCrunch Disrupt,2026-09-30T23:09:19.680Z
Tech Layoffs,TechCrunch Disrupt,TechCrunch Disrupt,startup_conference,https://techcrunch.com/events/,Public event activity,Tech Layoffs appeared on TechCrunch Disrupt,2026-09-30T23:09:19.680Z
ChatGPT,TechCrunch Disrupt,TechCrunch Disrupt,startup_conference,https://techcrunch.com/events/,Public event activity,ChatGPT appeared on TechCrunch Disrupt,2026-09-30T23:09:19.680Z
"TechCrunch Disrupt 2026, October 13-15",TechCrunch Disrupt,TechCrunch Disrupt,startup_conference,https://techcrunch.com/events/,Public event activity,"TechCrunch Disrupt 2026, October 13-15 appeared on TechCrunch Disrupt",2026-09-30T23:09:19.680Z
"TechCrunch Founder Summit 2026 November 4, 2026",TechCrunch Disrupt,TechCrunch Disrupt,startup_conference,https://techcrunch.com/events/,Public event activity,"TechCrunch Founder Summit 2026 November 4, 2026 appeared on TechCrunch Disrupt",2026-09-30T23:09:19.680Z
TechCrunch Logo,TechCrunch Disrupt,TechCrunch Disrupt,startup_conference,https://techcrunch.com/events/,Public event activity,TechCrunch Logo appeared on TechCrunch Disrupt,2026-09-30T23:09:19.680Z
TechCrunch » Events Feed,TechCrunch Disrupt,TechCrunch Disrupt,startup_conference,https://techcrunch.com/events/,Public event activity,TechCrunch &raquo; Events Feed appeared on TechCrunch Disrupt,2026-09-30T23:09:19.680Z
Redesign: Primary Navigation,TechCrunch Disrupt,TechCrunch Disrupt,startup_conference,https://techcrunch.com/events/,Public event activity,Redesign: Primary Navigation appeared on TechCrunch Disrupt,2026-09-30T23:09:19.680Z
Redesign: Secondary Navigation,TechCrunch Disrupt,TechCrunch Disrupt,startup_conference,https://techcrunch.com/events/,Public event activity,Redesign: Secondary Navigation appeared on TechCrunch Disrupt,2026-09-30T23:09:19.680Z
Submit,TechCrunch Disrupt,TechCrunch Disrupt,startup_conference,https://techcrunch.com/events/,Public event activity,Submit appeared on TechCrunch Disrupt,2026-09-30T23:09:19.680Z
Footer – About: Col1,TechCrunch Disrupt,TechCrunch Disrupt,startup_conference,https://techcrunch.com/events/,Public event activity,Footer – About: Col1 appeared on TechCrunch Disrupt,2026-09-30T23:09:19.680Z
Footer – Legal: Col2,TechCrunch Disrupt,TechCrunch Disrupt,startup_conference,https://techcrunch.com/events/,Public event activity,Footer – Legal: Col2 appeared on TechCrunch Disrupt,2026-09-30T23:09:19.680Z
Footer – Trending Topics: Col3,TechCrunch Disrupt,TechCrunch Disrupt,startup_conference,https://techcrunch.com/events/,Public event activity,Footer – Trending Topics: Col3 appeared on TechCrunch Disrupt,2026-09-30T23:09:19.680Z
Attendees,Dublin Tech Summit,Dublin Tech Summit,tech_conference,https://dublintechsummit.tech/,Public event activity,Attendees appeared on Dublin Tech Summit,2026-09-30T23:09:19.680Z
Stages & Tracks,Dublin Tech Summit,Dublin Tech Summit,tech_conference,https://dublintechsummit.tech/,Public event activity,Stages &#038; Tracks appeared on Dublin Tech Summit,2026-09-30T23:09:19.680Z
Past Speakers,Dublin Tech Summit,Dublin Tech Summit,tech_conference,https://dublintechsummit.tech/,Public event activity,Past Speakers appeared on Dublin Tech Summit,2026-09-30T23:09:19.680Z
Exhibit,Dublin Tech Summit,Dublin Tech Summit,tech_conference,https://dublintechsummit.tech/,Public event activity,Exhibit appeared on Dublin Tech Summit,2026-09-30T23:09:19.680Z
Startups,Dublin Tech Summit,Dublin Tech Summit,tech_conference,https://dublintechsummit.tech/,Public event activity,Startups appeared on Dublin Tech Summit,2026-09-30T23:09:19.680Z
Exhibit as a Startup,Dublin Tech Summit,Dublin Tech Summit,tech_conference,https://dublintechsummit.tech/,Public event activity,Exhibit as a Startup appeared on Dublin Tech Summit,2026-09-30T23:09:19.680Z
Attend as a startup,Dublin Tech Summit,Dublin Tech Summit,tech_conference,https://dublintechsummit.tech/,Public event activity,Attend as a startup appeared on Dublin Tech Summit,2026-09-30T23:09:19.680Z
Media,Dublin Tech Summit,Dublin Tech Summit,tech_conference,https://dublintechsummit.tech/,Public event activity,Media appeared on Dublin Tech Summit,2026-09-30T23:09:19.680Z
Attending Media,Dublin Tech Summit,Dublin Tech Summit,tech_conference,https://dublintechsummit.tech/,Public event activity,Attending Media appeared on Dublin Tech Summit,2026-09-30T23:09:19.680Z
Media Accreditation,Dublin Tech Summit,Dublin Tech Summit,tech_conference,https://dublintechsummit.tech/,Public event activity,Media Accreditation appeared on Dublin Tech Summit,2026-09-30T23:09:19.680Z
Click to open the search input field Click to open the search input field Search,Dublin Tech Summit,Dublin Tech Summit,tech_conference,https://dublintechsummit.tech/,Public event activity,Click to open the search input field Click to open the search input field Search appeared on Dublin Tech Summit,2026-09-30T23:09:19.680Z
Menu Menu,Dublin Tech Summit,Dublin Tech Summit,tech_conference,https://dublintechsummit.tech/,Public event activity,Menu Menu appeared on Dublin Tech Summit,2026-09-30T23:09:19.680Z
Link to Facebook,Dublin Tech Summit,Dublin Tech Summit,tech_conference,https://dublintechsummit.tech/,Public event activity,Link to Facebook appeared on Dublin Tech Summit,2026-09-30T23:09:19.680Z
Link to LinkedIn,Dublin Tech Summit,Dublin Tech Summit,tech_conference,https://dublintechsummit.tech/,Public event activity,Link to LinkedIn appeared on Dublin Tech Summit,2026-09-30T23:09:19.680Z
Link to Instagram,Dublin Tech Summit,Dublin Tech Summit,tech_conference,https://dublintechsummit.tech/,Public event activity,Link to Instagram appeared on Dublin Tech Summit,2026-09-30T23:09:19.680Z
Link to X,Dublin Tech Summit,Dublin Tech Summit,tech_conference,https://dublintechsummit.tech/,Public event activity,Link to X appeared on Dublin Tech Summit,2026-09-30T23:09:19.680Z
Link to Youtube,Dublin Tech Summit,Dublin Tech Summit,tech_conference,https://dublintechsummit.tech/,Public event activity,Link to Youtube appeared on Dublin Tech Summit,2026-09-30T23:09:19.680Z
Calendar Calendar View Agenda,Dublin Tech Summit,Dublin Tech Summit,tech_conference,https://dublintechsummit.tech/,Public event activity,Calendar Calendar View Agenda appeared on Dublin Tech Summit,2026-09-30T23:09:19.680Z
Book Tickets & Save €150,Dublin Tech Summit,Dublin Tech Summit,tech_conference,https://dublintechsummit.tech/,Public event activity,Book Tickets & Save €150 appeared on Dublin Tech Summit,2026-09-30T23:09:19.680Z
Book Now,Dublin Tech Summit,Dublin Tech Summit,tech_conference,https://dublintechsummit.tech/,Public event activity,Book Now appeared on Dublin Tech Summit,2026-09-30T23:09:19.680Z
Apply Now,Dublin Tech Summit,Dublin Tech Summit,tech_conference,https://dublintechsummit.tech/,Public event activity,Apply Now appeared on Dublin Tech Summit,2026-09-30T23:09:19.680Z
Ticket Offers,Dublin Tech Summit,Dublin Tech Summit,tech_conference,https://dublintechsummit.tech/,Public event activity,Ticket Offers appeared on Dublin Tech Summit,2026-09-30T23:09:19.680Z
Book 1 Day,Dublin Tech Summit,Dublin Tech Summit,tech_conference,https://dublintechsummit.tech/,Public event activity,Book 1 Day appeared on Dublin Tech Summit,2026-09-30T23:09:19.680Z
info@dublintechsummit.com,Dublin Tech Summit,Dublin Tech Summit,tech_conference,https://dublintechsummit.tech/,Public event activity,info@dublintechsummit.com appeared on Dublin Tech Summit,2026-09-30T23:09:19.680Z
Explore Full Line-up,Dublin Tech Summit,Dublin Tech Summit,tech_conference,https://dublintechsummit.tech/,Public event activity,Explore Full Line-up appeared on Dublin Tech Summit,2026-09-30T23:09:19.680Z
See Full Agenda,Dublin Tech Summit,Dublin Tech Summit,tech_conference,https://dublintechsummit.tech/,Public event activity,See Full Agenda appeared on Dublin Tech Summit,2026-09-30T23:09:19.680Z
Next Next Next,Dublin Tech Summit,Dublin Tech Summit,tech_conference,https://dublintechsummit.tech/,Public event activity,Next Next Next appeared on Dublin Tech Summit,2026-09-30T23:09:19.680Z
Link to: Featured Sessions,Dublin Tech Summit,Dublin Tech Summit,tech_conference,https://dublintechsummit.tech/,Public event activity,Link to: Featured Sessions appeared on Dublin Tech Summit,2026-09-30T23:09:19.680Z
Sign-up for updates,Dublin Tech Summit,Dublin Tech Summit,tech_conference,https://dublintechsummit.tech/,Public event activity,Sign-up for updates appeared on Dublin Tech Summit,2026-09-30T23:09:19.680Z
Watch On-Demand,Dublin Tech Summit,Dublin Tech Summit,tech_conference,https://dublintechsummit.tech/,Public event activity,Watch On-Demand appeared on Dublin Tech Summit,2026-09-30T23:09:19.680Z
Explore Now,Dublin Tech Summit,Dublin Tech Summit,tech_conference,https://dublintechsummit.tech/,Public event activity,Explore Now appeared on Dublin Tech Summit,2026-09-30T23:09:19.680Z
View All,Dublin Tech Summit,Dublin Tech Summit,tech_conference,https://dublintechsummit.tech/,Public event activity,View All appeared on Dublin Tech Summit,2026-09-30T23:09:19.680Z
Book Ticket + Access App,Dublin Tech Summit,Dublin Tech Summit,tech_conference,https://dublintechsummit.tech/,Public event activity,Book Ticket + Access App appeared on Dublin Tech Summit,2026-09-30T23:09:19.680Z
Learn More,Dublin Tech Summit,Dublin Tech Summit,tech_conference,https://dublintechsummit.tech/,Public event activity,Learn More appeared on Dublin Tech Summit,2026-09-30T23:09:19.680Z
Sigma Software,Dublin Tech Summit,Dublin Tech Summit,tech_conference,https://dublintechsummit.tech/,Public event activity,Sigma Software appeared on Dublin Tech Summit,2026-09-30T23:09:19.680Z
EY,Dublin Tech Summit,Dublin Tech Summit,tech_conference,https://dublintechsummit.tech/,Public event activity,EY appeared on Dublin Tech Summit,2026-09-30T23:09:19.680Z
Media Monks,Dublin Tech Summit,Dublin Tech Summit,tech_conference,https://dublintechsummit.tech/,Public event activity,Media Monks appeared on Dublin Tech Summit,2026-09-30T23:09:19.680Z
BNS UEP,Dublin Tech Summit,Dublin Tech Summit,tech_conference,https://dublintechsummit.tech/,Public event activity,BNS UEP appeared on Dublin Tech Summit,2026-09-30T23:09:19.680Z
VeChain,Dublin Tech Summit,Dublin Tech Summit,tech_conference,https://dublintechsummit.tech/,Public event activity,VeChain appeared on Dublin Tech Summit,2026-09-30T23:09:19.680Z
Previous Previous Previous,Dublin Tech Summit,Dublin Tech Summit,tech_conference,https://dublintechsummit.tech/,Public event activity,Previous Previous Previous appeared on Dublin Tech Summit,2026-09-30T23:09:19.680Z
Group Ticket Offers,Dublin Tech Summit,Dublin Tech Summit,tech_conference,https://dublintechsummit.tech/,Public event activity,Group Ticket Offers appeared on Dublin Tech Summit,2026-09-30T23:09:19.680Z
Themes & Stages,Dublin Tech Summit,Dublin Tech Summit,tech_conference,https://dublintechsummit.tech/,Public event activity,Themes &#038; Stages appeared on Dublin Tech Summit,2026-09-30T23:09:19.680Z
Volunteer,Dublin Tech Summit,Dublin Tech Summit,tech_conference,https://dublintechsummit.tech/,Public event activity,Volunteer appeared on Dublin Tech Summit,2026-09-30T23:09:19.680Z
FAQ,Dublin Tech Summit,Dublin Tech Summit,tech_conference,https://dublintechsummit.tech/,Public event activity,FAQ appeared on Dublin Tech Summit,2026-09-30T23:09:19.680Z
Tech Blog,Dublin Tech Summit,Dublin Tech Summit,tech_conference,https://dublintechsummit.tech/,Public event activity,Tech Blog appeared on Dublin Tech Summit,2026-09-30T23:09:19.680Z
Scroll to top Scroll to top Scroll to top,Dublin Tech Summit,Dublin Tech Summit,tech_conference,https://dublintechsummit.tech/,Public event activity,Scroll to top Scroll to top Scroll to top appeared on Dublin Tech Summit,2026-09-30T23:09:19.680Z
2026 Agenda,Dublin Tech Summit,Dublin Tech Summit,tech_conference,https://dublintechsummit.tech/,Public event activity,2026 Agenda appeared on Dublin Tech Summit,2026-09-30T23:09:19.680Z
Proudly Participating In Dublin Tech Week,Dublin Tech Summit,Dublin Tech Summit,tech_conference,https://dublintechsummit.tech/,Public event activity,Proudly Participating In Dublin Tech Week appeared on Dublin Tech Summit,2026-09-30T23:09:19.680Z
Dublin Tech Summit 2026 Wrap 1 Min,Dublin Tech Summit,Dublin Tech Summit,tech_conference,https://dublintechsummit.tech/,Public event activity,Dublin Tech Summit 2026 Wrap 1 Min appeared on Dublin Tech Summit,2026-09-30T23:09:19.680Z
Evoto,Dublin Tech Summit,Dublin Tech Summit,tech_conference,https://dublintechsummit.tech/,Public event activity,Evoto appeared on Dublin Tech Summit,2026-09-30T23:09:19.680Z
Issam Hijazi,Dublin Tech Summit,Dublin Tech Summit,tech_conference,https://dublintechsummit.tech/,Public event activity,Issam Hijazi appeared on Dublin Tech Summit,2026-09-30T23:09:19.680Z
John Willett,Dublin Tech Summit,Dublin Tech Summit,tech_conference,https://dublintechsummit.tech/,Public event activity,John Willett appeared on Dublin Tech Summit,2026-09-30T23:09:19.680Z
Vrushali Paunikar,Dublin Tech Summit,Dublin Tech Summit,tech_conference,https://dublintechsummit.tech/,Public event activity,Vrushali Paunikar appeared on Dublin Tech Summit,2026-09-30T23:09:19.680Z
Eric Mosley,Dublin Tech Summit,Dublin Tech Summit,tech_conference,https://dublintechsummit.tech/,Public event activity,Eric Mosley appeared on Dublin Tech Summit,2026-09-30T23:09:19.680Z
Almar Latour,Dublin Tech Summit,Dublin Tech Summit,tech_conference,https://dublintechsummit.tech/,Public event activity,Almar Latour appeared on Dublin Tech Summit,2026-09-30T23:09:19.680Z
Andrew Melchior,Dublin Tech Summit,Dublin Tech Summit,tech_conference,https://dublintechsummit.tech/,Public event activity,Andrew Melchior appeared on Dublin Tech Summit,2026-09-30T23:09:19.680Z
Bianca Zwart,Dublin Tech Summit,Dublin Tech Summit,tech_conference,https://dublintechsummit.tech/,Public event activity,Bianca Zwart appeared on Dublin Tech Summit,2026-09-30T23:09:19.680Z
DTS By Night,Dublin Tech Summit,Dublin Tech Summit,tech_conference,https://dublintechsummit.tech/,Public event activity,DTS By Night appeared on Dublin Tech Summit,2026-09-30T23:09:19.680Z